"","Primer_name","Name_F","Name_R","Seq_F","Seq_R","Min","Max","Assay","Gen","Target","Tm_F","Tm_R","GC_F","GC_R"
"1","12S_F_Long_108_F.12S_R_Long_108_R","CS1_12S_F_Long_108_for","CS2_12S_R_Long_108_rev","ATAAATAAGTAAAATTTGGC","GTACCACCTCTAAATAATCTTC",100,200,"Fox_Raccoon","12S","Metazoa",41.3382855815773,48.4056936425393,20,36.3636363636364
"2","1380F_78_F.1510R_79_R","CS1_1380F_78_for","CS2_1510R_79_rev","CCCTGCCHTTTGTACACAC","CCTTCYGCAGGTTCACCTAC",100,200,"Test","18S","Eukaryota",52.5403666207914,54.6666041919806,55.2631578947368,58.0769230769231
"3","16S_F_Ces_107_F.16S_R_Ces_107_R","CS1_16S_F_Ces_107_for","CS2_16S_R_Ces_107_rev","CAATTAATTATGCTACCTT","CGTCTGTTTATYAAAAACATTTC",100,200,"Fox_Raccoon","16S","Cestodes",41.7945993926875,45.4960451267762,26.3157894736842,27.4247491638796
"4","16S.1100.F16_100_F.1492R_100_R","CS1_16S.1100.F16_100_for","CS2_1492R_100_rev","CAACGAGCGCAACCCT","TACGGYTACCTTGTTAYGACTT",400,500,"Test","16S","Bacteria",53.259157913668,50.2352154536695,62.5,39.3939393939394
"5","16SA_L_110_F.16SB_H_110_R","CS1_16SA_L_110_for","CS2_16SB_H_110_rev","CGCCTGTTTATCAAAAACAT","CCGGTCTGAACTCAGATCACGT",500,600,"Fox_Raccoon","16S","Amphibia",48.0936406486321,57.2505588826468,35,54.5454545454545
"6","18S_0067a_deg_3Mod_53_F.NSR399_3Mod_53_R","CS1_18S_0067a_deg_3Mod_53_for","CS2_NSR 399_3Mod_53_rev","AAGCCATGCATGYCTAAGTATM","TCTCAGGCTCCYTCTCC",300,400,"Test","18S","Eukaryota",51.0891492456244,49.5131590856765,40.0367309458219,62.4434389140271
"7","18S_0067a_deg_5Mod_52_F.NSR399_5Mod_52_R","CS1_18S_0067a_deg_5Mod_52_for","CS2_NSR 399_5Mod_52_rev","GCCATGCATGYCTAAGTATMA","AGGCTCCYTCTCCGG",300,400,"Test","18S","Eukaryota",49.3422148257161,49.9132112554144,42.1164021164021,71.1111111111111
"8","18S9modF_88_F.18S637modR_89_R","CS1_18S9modF_88_for","CS2_18S637modR_89_rev","ATCCTGCCAGTAGTCATATGCTTG","TACGCTWYTGGAGCTGGAGTTACCG",600,700,"Test","18S","Eukaryota",56.5847998101643,61.1567366683523,45.8333333333333,53.8181818181818
"9","18SiCF1_111_F.18SiCR1_111_R","CS1_18SiCF1_111_for","CS2_18SiCR1_111_rev","CCTATCAGCTTTAGACGGTAGG","TCTAAGAATTTCACCTCTGACTG",500,600,"HMHZ","18S","Eukaryota",54.9962488281527,50.7969653914091,50,39.1304347826087
"10","27M_F_98_F.CCR_98_R","CS1_27M_F_98_for","CS2_CCR_98_rev","AGRGTTTGATCMTGGCTCAG","GCTGCCTCCCGTAGGAGTCTGG",300,400,"Test","16S","Bacteria",49.3156403450331,63.7793527772448,50.8333333333333,68.1818181818182
"11","5.8SR_130_F.ITS4_130_R","CS1_5.8SR_130_for","CS2_ITS4_130_rev","TCGATGAAGAACGCAGCG","TCCTCCGCTTATTGATATGC",200,500,"HMHZ","ITS2","Eukaryota",52.6298131275391,51.713359740931,55.5555555555556,45
"12","500_3Mod_63_F.501_3Mod_63_R","CS1_500_3Mod_63_for","CS2_501_3Mod_63_rev","ACTTTGAAGAGAGAGTTCAAGAGN","TCGGAAGGAACCAGCTAC",600,700,"Zebra","28S","Eukaryota",49.9168490428146,52.8444667430491,39.1304347826087,55.5555555555556
"13","515F_99_F.1100R_102_R","CS1_515F_99_for","CS2_1100R_102_rev","GTGCCAGCMGCCGCGGTAA","AGGGTTGCGCTCGTTG",600,700,"Test","16S","Bacteria",63.3451778988187,53.2591579136681,71.9298245614035,62.5
"14","515F_99_F.R1073_103_R","CS1_515F_99_for","CS2_R1073_103_rev","GTGCCAGCMGCCGCGGTAA","ACGAGCTGACGACARCCATG",500,600,"Test","16S","Bacteria",63.3451778988187,54.9869393152402,71.9298245614035,57.2727272727273
"15","515F_Y_118_F.806R_118_R","CS1_515F_Y_118_for","CS2_806R_118_rev","GTGYCAGCMGCCGCGGTAA","GGACTACNVGGGTWTCTAAT",300,400,"HMHZ","16SV4","Bacteria",60.4219768541059,46.994189266752,70.2067669172932,45.6140350877193
"16","519R_F_119_F.CDR_119_R","CS1_519R_F_119_for","CS2_CDR_119_rev","CAGCMGCCGCGGTAATWC","CTTGTGCGGGCCCCCGTCAATTC",400,500,"HMHZ","16SV4_V5","Bacteria",55.2903862041857,65.9156649712272,64.8148148148148,65.2173913043478
"17","ACM_008_17_F.ADM330_CR_17_R","CS1_ACM_008_17_for","CS2_ADM330_CR_17_rev","AGAGTTTGATCCTGGCTCAG","GCTGCCTCCCGTAGGAGT",300,400,"Test","16S","Bacteria",52.2333367959081,58.3667388987512,50,66.6666666666667
"18","ACM_008_17_F.Klin0341_CR_18_R","CS1_ACM_008_17_for","CS2_Klin0341_CR_18_rev","AGAGTTTGATCCTGGCTCAG","CTGCWGCCNCCCGTAGG",300,400,"Test","16S","Bacteria",52.2333367959081,58.2617886134828,50,75
"19","ADM330_18_F.Klin0785_CR_19_R","CS1_ADM330_18_for","CS2_Klin0785_CR_19_rev","ACTCCTACGGGAGGCAGC","GACTACHVGGGTATCTAATCC",400,500,"Test","16S","Bacteria",58.3667388987512,49.0955711067963,66.6666666666667,47.5056689342404
"20","AL3544_113_F.AL3545_113_R","CS1_AL3544_113_for","CS2_AL3545_113_rev","CCCTTCATCGGIGGTAACTT","GTGGCCACCACICCCGTGCC",500,600,"HMHZ","TPI","Metazoa",NA,NA,NA,NA
"21","ArF5_105_F.ArR5_105_R","CS1_ArF5_105_for","CS2_ArR5_105_rev","GCICCIGAYATRKCITTYCCICG","CCIGTIYTIGCIGGIGCIATYAC",300,400,"Fox_Raccoon","COI","Eukaryota",NA,NA,NA,NA
"22","Ave12F_91_F.Ave12R_92_R","CS1_Ave12F_91_for","CS2_Ave12R_92_rev","AAGACAGGTCAAGGTATAGC","GAGGGTGACGGGCGGTATG",100,200,"Test","16S","Metazoa",50.7508605702625,60.5485549689808,45,68.4210526315789
"23","BhRDr_115_F.RD5_115_R","CS1_BhRDr_115_for","CS2_RD5_115_rev","GAGCTTTTTAACTGCAACAACG","ATCTGGTTGATCCTGCCAGT",500,600,"HMHZ","18S","Eukaryota",52.0795707239364,54.5722431675014,40.9090909090909,50
"24","COI_10F_3Mod_57_F.COI_500R_57_R","CS1_COI_10F_3Mod_57_for","CS2_COI_500R_57_rev","GGWDSWGGWRYWGGWTGG","CATRTGRTGDGCCCAWAC",500,600,"Zebra","COI","Eukaryota",35.2713684089529,44.5274191278572,60.4938271604938,51.8518518518519
"25","Coleop_16Sc_68_F.Coleop_16Sd_68_R","CS1_Coleop_16Sc_68_for","CS2_Coleop_16Sd_68_rev","TGCAAAGGTAGCATAATMATTAG","TCCATAGGGTCTTCTCGTC",100,200,"Test","16S","Metazoa",48.6807734122078,51.9726224731424,31.2252964426877,52.6315789473684
"26","COX1.DINO.F_122_F.COX1.DINO.2.R_122_R","CS1_COX1.DINO.F_122_for","CS2_COX1.DINO.2.R_122_rev","GAATTTGGAGGTGGCACNGGNTGGACNYT","CCCATCGTATACATRTGRTGNCCCCANAC",500,600,"HMHZ","COI","Eukaryota",63.6714979126424,61.48470161605,55.1282051282051,50.6172839506173
"27","D3A_5_3Mod_47_F.D3B_5_3Mod_47_R","CS1_D3A_5_3Mod_47_for","CS2_D3B_5_3Mod_47_rev","ACCCGTCTTGAAACACG","CGGAAGGAACCAGCTACT",300,400,"Test","28S","Eukaryota",50.3311828938578,52.8235582816694,52.9411764705882,55.5555555555556
"28","D3A_5Mod_46_F.D3B_5Mod_46_R","CS1_D3A_5Mod_46_for","CS2_D3B_5Mod_46_rev","CCGTCTTGAAACACGGA","CGGAAGGAACCAGCTACTA",300,400,"Test","28S","Eukaryota",50.0004455909855,53.254494779959,52.9411764705882,52.6315789473684
"29","Df_ITSRev_114_F.Df_ITSnesFor_114_R","CS1_Df_ITSRev_114_for","CS2_Df_ITSnesFor_114_rev","GCGGGTCTTCCTATATAAACAAGAACC","ATACGTCCCTGCCCTTTGTA",300,400,"HMHZ","ITS1","Eukaryota",58.8940882870121,56.2429634764183,44.4444444444444,50
"30","dgLCO1490_73_F.dgHCO2198_72_R","CS1_dgLCO1490_73_for","CS2_dgHCO2198_72_rev","GGTCAACAAATCATAAAGAYATYGG","TAAACTTCAGGGTGACCAAARAAYCA",700,800,"Test","COI","Eukaryota",49.9283261312569,54.992088685533,35.4285714285714,37.7777777777778
"31","dgLCO1490_73_F.NdmlCOIintR_1_73_R","CS1_dgLCO1490_73_for","CS2_NdmlCOIintR_1_73_rev","GGTCAACAAATCATAAAGAYATYGG","GGAGGGTAAACAGTTCATCCTGTTCC",300,400,"Test","COI","Eukaryota",49.9283261312569,60.0615150936783,35.4285714285714,50
"32","Dice11F_53Mod_94_F.Dice14R_53Mod_93_R","CS1_Dice11F_53Mod_94_for","CS2_Dice14R_53Mod_93_rev","GATCGDAAATTTDGTWCWGCG","CCHACMRTAAACATATGATGCC",200,300,"Test","COI","Eukaryota",46.3160028932023,47.7422506589444,41.4965986394558,41.0759175465058
"33","Dice11R_F_53Mod_96_F.HCO2198_R_53Mod_97_R","CS1_Dice11R_F_53Mod_96_for","CS2_HCO2198_R_53Mod_97_rev","GAYCGNMAHBTYDRNNCNDBG","TCNGGRTGNCCRAWRAAYC",100,200,"Test","COI","Eukaryota",13.6682914457395,39.5158137550999,61.7647058823529,53.921568627451
"34","Dice1F_53Mod_95_F.HCO2198_R_53Mod_97_R","CS1_Dice1F_53Mod_95_for","CS2_HCO2198_R_53Mod_97_rev","TATTTWCNTTRGATCATAAGCGAG","TCNGGRTGNCCRAWRAAYC",600,700,"Test","COI","Eukaryota",46.520855246143,39.5158137550999,32.1739130434783,53.921568627451
"35","Dice1F_53Mod_95_F.SeqR1_53Mod_95_R","CS1_Dice1F_53Mod_95_for","CS2_SeqR1_53Mod_95_rev","TATTTWCNTTRGATCATAAGCGAG","CAAGCACTTAAAGCATT",200,300,"Test","COI","Eukaryota",46.520855246143,42.3667261956169,32.1739130434783,35.2941176470588
"36","Dice1F_53Mod_95_F.SeqR2_53Mod_96_R","CS1_Dice1F_53Mod_95_for","CS2_SeqR2_53Mod_96_rev","TATTTWCNTTRGATCATAAGCGAG","CCAHGCMCTYAANGCATTC",200,300,"Test","COI","Eukaryota",46.520855246143,44.0864513322003,32.1739130434783,54.045584045584
"37","Ehd_239F_116_F.Ehd_88R_116_R","CS1_Ehd_239F_116_for","CS2_Ehd_88R_116_rev","ATTGTCGTGGCATCCTAACTCA","GCGGACGGCTCATTATAACA",100,200,"HMHZ","18S","Eukaryota",55.4823741027128,54.7981435177412,45.4545454545455,50
"38","Em_WG_MT_4506F_53Mod_83_F.Em_WG_MT_4993R_53Mod_84_R","CS1_Em_WG_MT_4506F_53Mod_83_for","CS2_Em_WG_MT_4993R_53Mod_84_rev","GTTATTAGTACTGAGTTACTAC","GAGGTAATACCATAATACTAG",400,500,"Test","COIII","Coccidia",45.7325544352003,45.610849406982,31.8181818181818,33.3333333333333
"39","Em_WG_MTInvF_66_F.COI_1202R_66_R","CS1_Em_WG_MTInvF_66_for","CS2_COI_1202R_66_rev","ACTGGATCACCATTAAAGGCAGCA","CCAAKRAYHGCACCAAGAGATA",300,400,"Test","COI","Eukaryota",58.6595038744396,47.6048644463036,45.8333333333333,46.2121212121212
"40","EntOv_430F_117_F.EntUng_900R_117_R","CS1_EntOv_430F_117_for","CS2_EntUng_900R_117_rev","GTAGTGACGACAAATAACTCTTG","TTTCGTTCTTGATTAATGAACG",400,500,"HMHZ","18S","Eukaryota",50.6507444452407,48.1907404306047,39.1304347826087,31.8181818181818
"41","F1073_101_F.1492R_100_R","CS1_F1073_101_for","CS2_1492R_100_rev","CATGGYTGTCGTCAGCTCGT","TACGGYTACCTTGTTAYGACTT",400,500,"Test","16S","Bacteria",54.9869393152402,50.2352154536695,57.2727272727273,39.3939393939394
"42","F52_69_F.R193_69_R","CS1_F52_69_for","CS2_R193_69_rev","GTTGGATTCAAAGCTGGTGTTA","CVGTCCAMACAGTWGTCCATGT",100,200,"Test","rbcL","Viridiplantae",52.8884505066325,53.1851082507828,40.9090909090909,51.4285714285714
"43","F555_87_F.R1289_88_R","CS1_F555_87_for","CS2_R1289_88_rev","AAGTCTGGTGCCAGCAGCCG","ACTAAGAACGGCCATGCACC",600,800,"Test","18S","Eukaryota",61.4395017883885,57.2833574532921,65,55
"44","fashF_56_F.fahR_3Mod_56_R","CS1_fashF_56_for","CS2_fahR_3Mod_56_rev","TATGTTTTGATTTTACCCGGG","ATGAGCAACCACAAACCAT",400,500,"Zebra","COI","Eukaryota",51.741482554182,50.6123051939345,38.0952380952381,42.1052631578947
"45","fwhF2_106_F.fwhR2n_106_R","CS1_fwhF2_106_for","CS2_fwhR2n_106_rev","GGDACWGGWTGAACWGTWTAYCCHCC","GTRATWGCHCCDGCTARWACWGG",200,300,"Fox_Raccoon","COI","Eukaryota",58.4900223462224,52.5729090667504,52.2682445759369,52.8656126482214
"46","GdhF_3Mod_58_F.GdhR_3Mod_59_R","CS1_GdhF_3Mod_58_for","CS2_GdhR_3Mod_59_rev","TCAACGTCAACCGCG","GTTGTCCTTGCACATCTCC",500,600,"Test","18S","Eukaryota",49.5231037153306,51.7326829256188,60,52.6315789473684
"47","GdhF_3Mod_58_F.GdhR_5Mod_58_R","CS1_GdhF_3Mod_58_for","CS2_GdhR_5Mod_58_rev","TCAACGTCAACCGCG","TTGTCCTTGCACATCTCC",500,600,"Test","18S","Eukaryota",49.5231037153306,50.0252001171027,60,50
"48","GdhF_3Mod_59_F.GdhR_3Mod_59_R","CS1_GdhF_3Mod_59_for","CS2_GdhR_3Mod_59_rev","TCAACGTCAACCGCG","GTTGTCCTTGCACATCTCC",500,600,"Zebra","18S","Eukaryota",49.5231037153306,51.7326829256188,60,52.6315789473684
"49","Gen_600_7_F.Hadz_1200_5_R","CS1_Gen_600_7_for","CS2_Hadz_1200_5_rev","GCCGCGGTAATTCCAGCT","CCCGTGTTGAGTCAAATTAAGC",500,600,"Test","18S","Eukaryota",57.4765977817294,54.002184378769,61.1111111111111,45.4545454545455
"50","Gen_600_7_F.Mach2Gen_7_R","CS1_Gen_600_7_for","CS2_Mach2Gen_7_rev","GCCGCGGTAATTCCAGCT","TCCGTCAATTTCTTTAAGTTTCAG",300,400,"Test","18S","Eukaryota",57.4765977817294,50.9438683499379,61.1111111111111,33.3333333333333
"51","Gen_600_7_F.Nem_0425_4_2_R","CS1_Gen_600_7_for","CS2_Nem_0425_4_2_rev","GCCGCGGTAATTCCAGCT","ARACATTCTTGGCAAATGCYTTC",300,400,"Test","18S","Eukaryota",57.4765977817294,50.5775919878452,61.1111111111111,38.0434782608696
"52","Gfor_3Mod_60_F.Grev_3Mod_60_R","CS1_Gfor_3Mod_60_for","CS2_Grev_3Mod_60_rev","GGGATCCGTTTCCGTAG","GGGATCCATATGCTTAAGTTCA",500,600,"Zebra","ITS1-5.8S-ITS2","Eukaryota",51.7226936331218,52.5128303814342,58.8235294117647,40.9090909090909
"53","Gfor_53Mod_61_F.Grev_53Mod_61_R","CS1_Gfor_53Mod_61_for","CS2_Grev_53Mod_61_rev","CCGTTTCCGTAGGTGAAC","CCATATGCTTAAGTTCAGCG",500,600,"Zebra","ITS1-5.8S-ITS2","Eukaryota",52.4261812713044,50.6464280113125,55.5555555555556,45
"54","Hadz_1200CR_8_F.wang1624CR6L_15_R","CS1_Hadz_1200CR_8_for","CS2_wang1624CR6L_15_rev","GCTTAATTTGACTCAACACGGG","AGCGACGGGCGGTGTGTA",300,400,"Test","18S","Eukaryota",54.002184378769,60.9536606128516,45.4545454545455,66.6666666666667
"55","Hadz_566_6_F.Mach2Gen_7_R","CS1_Hadz_566_6_for","CS2_Mach2Gen_7_rev","CAGCAGCCGCGGTAATTCC","TCCGTCAATTTCTTTAAGTTTCAG",500,600,"Test","18S","Eukaryota",58.6655896351898,50.9438683499379,63.1578947368421,33.3333333333333
"56","Hadz_566_6_F.Nem_0425_4_2_R","CS1_Hadz_566_6_for","CS2_Nem_0425_4_2_rev","CAGCAGCCGCGGTAATTCC","ARACATTCTTGGCAAATGCYTTC",300,400,"Test","18S","Eukaryota",58.6655896351898,50.5775919878452,63.1578947368421,38.0434782608696
"57","HCO2198_F_53Mod_97_F.Dice14R_53Mod_93_R","CS1_HCO2198_F_53Mod_97_for","CS2_Dice14R_53Mod_93_rev","TYWTYGGNCAYCCNGARG","CCHACMRTAAACATATGATGCC",100,200,"Test","COI","Eukaryota",36.6869870628901,47.7422506589444,59.1666666666667,41.0759175465058
"58","HSPF3_112_F.HSPR3_112_R","CS1_HSPF3_112_for","CS2_HSPR3_112_rev","GCTGSTGATACTCACTTGGGTGG","CTCTTGTCCATACCAGCATCC",300,400,"HMHZ","HSP70","Eukaryota",57.2870952805288,54.6343287295476,56.5217391304348,52.3809523809524
"59","Ins16S_1shortF_70_F.Ins16S_1shortR_70_R","CS1_Ins16S_1shortF_70_for","CS2_Ins16S_1shortR_70_rev","RGACGAGAAGACCCTATARA","ACGCTGTTATCCCTAARGTA",100,200,"Test","16S","Metazoa",46.4303995172642,49.8794812017669,43.3333333333333,41.875
"60","ITS1_129_F.ITS2_129_R","CS1_ITS1_129_for","CS2_ITS2_129_rev","TCCGTAGGTGAACCTGCGG","GCTGCGTTCTTCATCGATGC",200,500,"HMHZ","ITS1","Eukaryota",59.0713120741138,54.6594734209432,63.1578947368421,55
"61","ITS4_Fwd_5Mod_51_F.ITS1F_Rev_5Mod_51_R","CS1_ITS4_Fwd_5Mod_51_for","CS2_ITS1F_Rev_5Mod_51_rev","CCTCCGCTTATTGATATGC","NNCTTGGTCATTTAGAGGAAGTAA",500,600,"Zebra","ITS1-5.8S-ITS2","Eukaryota",50.2281831649897,49.4756972995974,47.3684210526316,36.3636363636364
"62","JB3_109_F.JB4.5_109_R","CS1_JB3_109_for","CS2_JB4.5_109_rev","TTTTTTGGGCATCCTGAGGTTTAT","TAAAGAAAGAACATAATGAAAATG",400,500,"Fox_Raccoon","COI","Metazoa",55.676746831808,45.2289917200008,37.5,20.8333333333333
"63","JVF_85_F.DSPR2_86_R","CS1_JVF_85_for","CS2_DSPR2_86_rev","GTTGATCCTGCCAGTATTATATG","CACTATTGGAGCTGGAATTAC",500,600,"Test","18S","Eukaryota",51.530198702067,50.5600243338074,39.1304347826087,42.8571428571429
"64","Klin0341_19_F.907R_101_R","CS1_Klin0341_19_for","CS2_907R_101_rev","CTACGGGNGGCWGCAG","CCGTCAATTCMTTTRAGTTT",500,600,"Test","16S","Bacteria",54.360194685155,42.9012803935878,73.3333333333333,34.8571428571429
"65","Klin0341_19_F.Klin0785_CR_19_R","CS1_Klin0341_19_for","CS2_Klin0785_CR_19_rev","CCTACGGGNGGCWGCAG","GACTACHVGGGTATCTAATCC",400,500,"Test","16S","Bacteria",58.2617886134828,49.0955711067963,75,47.5056689342404
"66","L14816_79_F.H15173_80_R","CS1_L14816_79_for","CS2_H15173_80_rev","CCATCCAACATCTCAGCATGATGAAA","CCCTCAGAATGATATTTGTCCTCA",300,400,"Test","CytB","Metazoa",56.755162113281,54.1141682049265,42.3076923076923,41.6666666666667
"67","L2513_64_F.H2714_64_R","CS1_L2513_64_for","CS2_H2714_64_rev","GCCTGTTTACCAAAAACATCAC","CTCCATAGGGTCTTCTCGTCTT",200,300,"Test","16S","Metazoa",52.4791344272544,55.0056837823614,40.9090909090909,50
"68","LCO1490_43_F.HCO2198_5Mod_43_R","CS1_LCO1490_43_for","CS2_HCO2198_5Mod_43_rev","GGTCAACAAATCATAAAGATATTGG","ACAGGGTGACCAAAAATCA",500,600,"Zebra","COI","Eukaryota",50.8012733043634,50.4251928282663,32,42.1052631578947
"69","LepF1_120_F.M_LepF1_R_120_R","CS1_LepF1_120_for","CS2_M_LepF1_Rev_120_rev","ATTCAACCAATCATAAAGATATTGG","CGTGGAAAWGCTATATCWGGTG",200,300,"HMHZ","COI","Eukaryota",49.8958450565291,52.8251849507494,28,45.4545454545455
"70","LSU_Fwd_2_3Mod_55_F.LSU_Rev_4_54_R","CS1_LSU_Fwd_2_3Mod_55_for","CS2_LSU_Rev_4_54_rev","ACAAGTACCDTRAGGGAAAGTT","GTTAGACTYCTTGGTCCGTG",400,500,"Test","28S","Eukaryota",50.2650739111915,51.1608350331498,39.44878650761,51.8181818181818
"71","LSU_Fwd_2_3Mod_55_F.LSU_Rev_4_55_R","CS1_LSU_Fwd_2_3Mod_55_for","CS2_LSU_Rev_4_55_rev","ACAAGTACCDTRAGGGAAAGTT","GTTAGACTYCTTGGTCCGTG",400,500,"Zebra","28S","Eukaryota",50.2650739111915,51.1608350331498,39.44878650761,51.8181818181818
"72","LSU_Fwd_2_5Mod_54_F.LSU_Rev_4_54_R","CS1_LSU_Fwd_2_5Mod_54_for","CS2_LSU_Rev_4_54_rev","CAAGTACCDTRAGGGAAAGTTG","GTTAGACTYCTTGGTCCGTG",400,500,"Zebra","28S","Eukaryota",50.1356035324148,51.1608350331498,44.6112710818593,51.8181818181818
"73","Mach1_9_F.Mach2Gen_7_R","CS1_Mach1_9_for","CS2_Mach2Gen_7_rev","TGGTGCCAGCAGCCGC","TCCGTCAATTTCTTTAAGTTTCAG",500,600,"Test","18S","Eukaryota",59.9302639323114,50.9438683499379,75,33.3333333333333
"74","Mach1_9_F.Nem_0425_4_2_R","CS1_Mach1_9_for","CS2_Nem_0425_4_2_rev","TGGTGCCAGCAGCCGC","GAARACATTCTTGGCAAATGCY",400,500,"Test","18S","Eukaryota",59.9302639323114,49.1574423727675,75,40.0367309458219
"75","Mamm1F_90_F.Mamm1R_91_R","CS1_Mamm1F_90_for","CS2_Mamm1R_91_rev","CAACGGAACAAGTTACCCTAG","GAACCGACCTGGATTACTC",100,200,"Test","16S","Metazoa",53.3676675132769,51.5150527337512,47.6190476190476,52.6315789473684
"76","MarkN_10_F.Euk360_CR_21_R","CS1_MarkN_10_for","CS2_Euk360_CR_21_rev","GCTTGTCTCAAAGATTAAGCCN","TCTCAKGCKCCYTCTCCG",300,400,"Test","18S","Eukaryota",50.5285347770698,49.846943063094,42.8571428571429,62.962962962963
"77","MarkN_10_F.Proti440R_28_R","CS1_MarkN_10_for","CS2_Proti440R_28_rev","GCTTGTCTCAAAGATTAAGCCN","CAGGCYCSCTCTCCGGA",300,400,"Test","18S","Eukaryota",50.5285347770698,54.6554746296314,42.8571428571429,75.1633986928105
"78","matK_KIM1R_76_F.matK_KIM3F_76_R","CS1_matK_KIM1R_76_for","CS2_matK_KIM3F_76_rev","ACCCAGTCCATCTGGAAATCTTGGTTC","CGTACAGTACTTTTGTGTTTACGAG",800,900,"Test","matK","Viridiplantae",60.9284294301644,54.068148552566,48.1481481481481,40
"79","mlCOIintF_121_F.Fol_degen_R_121_R","CS1_mlCOIintF_121_for","CS2_Fol_degen_rev_121_rev","GGWACWGGWTGAACWGTWTAYCCYCC","TANACYTCNGGRTGNCCRAARAAYCA",300,400,"HMHZ","COI","Eukaryota",58.4900223462224,50.5124549426006,51.2820512820513,44.1304347826087
"80","mlCOIintF_3Mod_45_F.HCO2198_5Mod_45_R","CS1_mlCOIintF_3Mod_45_for","CS2_HCO2198_5Mod_45_rev","GGWACWGGWTGAACWGTWTAYCC","ACAGGGTGACCAAAAATCA",300,400,"Zebra","COI","Eukaryota",52.0336625237509,50.4251928282663,45.9627329192547,42.1052631578947
"81","mlCOIintF_5Mod_44_F.HCO2198_5Mod_44_R","CS1_mlCOIintF_5Mod_44_for","CS2_HCO2198_5Mod_44_rev","WGGWTGAACWGTWTAYCCYCC","ACAGGGTGACCAAAAATCA",300,400,"Zebra","COI","Eukaryota",48.3650984086545,50.4251928282663,48.8095238095238,42.1052631578947
"82","mlCOIintF_XT_104_F.JgHCO2198_104_R","CS1_mlCOIintF_XT_104_for","CS2_JgHCO2198_104_rev","GGWACWRGWTGRACWITITAYCCYCC","TAIACYTCIGGRTGICCRAARAAYCA",300,400,"Fox_Raccoon","COI","Eukaryota",NA,NA,NA,NA
"83","NdmlCOIlintF_1_72_F.dgHCO2198_72_R","CS1_NdmlCOIlintF_1_72_for","CS2_dgHCO2198_72_rev","GGAACAGGATGAACTGTTTACCCTCC","TAAACTTCAGGGTGACCAAARAAYCA",300,400,"Test","COI","Eukaryota",60.0615150936783,54.992088685533,50,37.7777777777778
"84","Nem_0425_6CR_14_F.EukB_MH_24_R","CS1_Nem_0425_6CR_14_for","CS2_EukB_MH_24_rev","ATAACAGGTCTGTGATGCCCTT","TGATCCTTCTGCAGGTTCACC",300,400,"Test","18S","Eukaryota",55.6600198269392,55.8141278475633,45.4545454545455,52.3809523809524
"85","NL1_5Mod_49_F.NL4_5Mod_49_R","CS1_NL1_5Mod_49_for","CS2_NL4_5Mod_49_rev","ATATCAATAAGCGGAGGAAAAG","TCCGTGTTTCAAGACGG",600,700,"Zebra","28S","Eukaryota",50.3444318236435,50.0004455909855,36.3636363636364,52.9411764705882
"86","NLF184cw_74_F.NL818cw_74_R","CS1_NLF184cw _74_for","CS2_NL818cw_74_rev","TACCCGCTGAAYTTAAGCATAT","AGACTCCTTGGTCCRTGT",500,800,"Test","28S","Eukaryota",51.8866781940648,49.6827646134342,38.4297520661157,53.7037037037037
"87","Plat_diploCOX1F_89_F.Plat_diploCOX1R_90_R","CS1_Plat_diploCOX1F_89_for","CS2_Plat_diploCOX1R_90_rev","CGTTTRAATTATACGGATCC","AGCATAGTAATMGCAGCAGC",500,600,"Test","COI","Eukaryota",45.7661379250516,51.2682857065224,36.875,46.8181818181818
"88","Prot1702_32_F.EukB_MH_24_R","CS1_Prot1702_32_for","CS2_EukB_MH_24_rev","YGGTGRTGCATGGCCGYT","TGATCCTTCTGCAGGTTCACC",400,500,"Test","18S","Eukaryota",53.5565894622799,55.8141278475633,65.1785714285714,52.3809523809524
"89","Prot1702_32_F.EukB_MV_25_R","CS1_Prot1702_32_for","CS2_EukB_MV_25_rev","YGGTGRTGCATGGCCGYT","TCCTTCTGCAGGTTCACCTAC",400,500,"Test","18S","Eukaryota",53.5565894622799,55.800678816586,65.1785714285714,52.3809523809524
"90","Prot1702_32_F.wang1624CR6S_16_R","CS1_Prot1702_32_for","CS2_wang1624CR6S_16_rev","YGGTGRTGCATGGCCGYT","GGGCGGTGTGTACAAAGG",300,400,"Test","18S","Eukaryota",53.5565894622799,55.9964604768703,65.1785714285714,61.1111111111111
"91","Proti15_25_F.Proti440R_28_R","CS1_Proti15_25_for","CS2_Proti440R_28_rev","TGCCAGTAGTCATATGCTTGTYT","CAGGCYCSCTCTCCGGA",300,400,"Test","18S","Eukaryota",53.4987694676052,54.6554746296314,40.4682274247492,75.1633986928105
"92","Proti1580_33_F.wang1624CR6S_16_R","CS1_Proti1580_33_for","CS2_wang1624CR6S_16_rev","TTGACGGARKGGYACCACMA","GGGCGGTGTGTACAAAGG",500,600,"Test","18S","Eukaryota",50.4468756913096,55.9964604768703,56.6269841269841,61.1111111111111
"93","Proti1580_33_Fwang1624CR6L_15_R","CS1_Proti1580_33_for","CS2_wang1624CR6L_15_rev","TTGACGGARKGGYACCACMA","GGGCGGTGTGTACAAAGG",500,600,"Zebra","18S","Eukaryota",50.4468756913096,55.9964604768703,56.6269841269841,61.1111111111111
"94","Proti1702_32_F.wang1624CR6L_15_R","CS1_Prot1702_32_for","CS2_wang1624CR6L_15_rev","YGGTGRTGCATGGCCGYT","GGGCGGTGTGTACAAAGG",500,600,"Zebra","18S","Eukaryota",53.5565894622799,55.9964604768703,65.1785714285714,61.1111111111111
"95","Proti628_30_F.wang1141CR_14_R","CS1_Proti628_30_for","CS2_wang1141CR_14_rev","GTCTGGTGCCAGCASCC","GGTGCCCTTCCGTCAATTC",500,600,"Test","18S","Eukaryota",53.9764297676452,55.6033553051165,70.5882352941177,57.8947368421053
"96","Proti643_31_F.Proti1580R_32_R","CS1_Proti643_31_for","CS2_Proti1580R_32_rev","CCGCGGTAATTCCAGCTC","TKGTGGTRCCMYTCCGTCAA",500,600,"Test","18S","Eukaryota",55.287143039859,50.4468756913096,61.1111111111111,56.6269841269841
"97","Proti643_31_F.wang1141CR_14_R","CS1_Proti643_31_for","CS2_wang1141CR_14_rev","CCGCGGTAATTCCAGCTC","GGTGCCCTTCCGTCAATTC",500,600,"Test","18S","Eukaryota",55.287143039859,55.6033553051165,61.1111111111111,57.8947368421053
"98","psbA3_f_5Mod_41_F.trnHf_05_5Mod_41_R","CS1_psbA3_f_5Mod_41_for","CS2_trnHf_05_5Mod_41_rev","TTATGCATGAACGTAATGCTC","CATGGTGGATTCACAATCC",500,600,"Zebra","trnH_psbA","Viridiplantae",50.1100643479767,49.8255867445075,38.0952380952381,47.3684210526316
"99","rbcL_a_f_5Mod_38_F.rbcL_a_r_5Mod_38_R","CS1_rbcL_a_f_5Mod_38_for","CS2_rbcL_a_r_5Mod_38_rev","CACCACAAACAGAGACTAAAGC","CTGCTACAAATAAGAATCGATCTC",300,400,"Zebra","rbcL","Viridiplantae",52.7813224367563,50.6814730834205,45.4545454545455,37.5
"100","rbcL_a_f_5Mod_40_F.rbcLa_Fof_R_40_R","CS1_rbcL_a_f_5Mod_40_for","CS2_rbcLa_Fof_R _40_rev","CACCACAAACAGAGACTAAAGC","GTAAAATCAAGTCCACCRCG ",500,600,"Zebra","rbcL","Viridiplantae",52.7813224367563,50.4758636471107,45.4545454545455,46.5
"101","rbcLa_F_77_F.rbcLa_R_77_R","CS1_rbcLa_F_77_for","CS2_rbcLa_R_77_rev","ATGTCACCACAAACAGAGACTAAAGC","GTAAAATCAAGTCCACCRCG",500,700,"Test","rbcL","Viridiplantae",56.6092998960102,50.4758636471107,42.3076923076923,46.5
"102","rbcLa_F_77_F.rbcLajf634R_78_R","CS1_rbcLa_F_77_for","CS2_rbcLajf634R_78_rev","ATGTCACCACAAACAGAGACTAAAGC","GAAACGGTCTCTCCAACGCAT",600,700,"Test","rbcL","Viridiplantae",56.6092998960102,56.2571037857635,42.3076923076923,52.3809523809524
"103","S2F_80_F.S3R_81_R","CS1_S2F_80_for","CS2_S3R_81_rev","ATGCGATACTTGGTGTGAAT","GACGCTTCTCCAGACTACAAT",400,500,"Test","ITS1","Viridiplantae",50.4769045558496,52.7921578073979,40,47.6190476190476
"104","SeqF1_53Mod_92_F.Dice14R_53Mod_93_R","CS1_SeqF1_53Mod_92_for","CS2_Dice14R_53Mod_93_rev","AATGCTTTAAGTGCTTG","CCHACMRTAAACATATGATGCC",500,600,"Test","COI","Eukaryota",42.3667261956169,47.7422506589444,35.2941176470588,41.0759175465058
"105","SeqF2_53Mod_93_F.Dice11R_94_R","CS1_SeqF2_53Mod_93_for","CS2_Dice11R_94_rev","GAATGCNTTRAGKGCDTGTT","GCWGWACHAAATTTHCGATC",300,400,"Test","COI","Eukaryota",43.5651190186234,42.3916619047172,44.4036226930964,38.0769230769231
"106","SPH16S_F_75_F.SPH16S_R_75_R","CS1_SPH16S_F_75_for","CS2_SPH16S_R_75_rev","TAGGGGAAGGTATGAATGGTTTG","ACATCGAGGTCGCAACC",200,400,"Test","16S","Metazoa",55.6911853551919,52.6483326864984,43.4782608695652,58.8235294117647
"107","TFR1_86_F.TFR2_87_R","CS1_TFR1_86_for","CS2_TFR2_87_rev","TGCTTCAGTTCAGCGGGTCTTCC","CGGTAGGTGAACCTGCCGTTGG",300,400,"Test","ITS1","Eukaryota",60.7296760902761,63.1051022182212,56.5217391304348,63.6363636363636
"108","trnL(UAA)c_3Mod_34_F.trnL(UAA)d_3Mod_34_R","CS1_trnL(UAA)c_5Mod_34_for","CS2_trnL(UAA)d_3Mod_34_rev","GAAATCGGTAGACGCTACG","GGGGATAGAGGGACTTGAA",200,800,"Zebra","trnL(UAA)","Viridiplantae",51.9610288066646,53.0515119580485,52.6315789473684,52.6315789473684
"109","trnL(UAA)c_5Mod_35_F.trnL(UAA)d_3Mod_35_R","CS1_trnL(UAA)c_3Mod_35_for","CS2_trnL(UAA)d_3Mod_35_rev","CGAAATCGGTAGACGCTAC","GGGGATAGAGGGACTTGAA",200,800,"Zebra","trnL(UAA)","Viridiplantae",51.9610288066646,53.0515119580485,52.6315789473684,52.6315789473684
"110","trnL(UAA)g_65_F.trnL(UAA)h_65_R","CS1_trnL(UAA)g_65_for","CS2_trnL(UAA)h_65_rev","GGGCAATCCTGAGCCAA","CCATTGAGTCTCTGCACCTATC",80,200,"Test","trnL","Viridiplantae",53.7703777562093,54.0676020019171,58.8235294117647,50
"111","trnL5BR_3Mod_36_F.trnL3D2_3Mod_36_R","CS1_trnL5BR_3Mod_36_for","CS2_trnL3D2_3Mod_36_rev","GATATGGCGAAATCGGTAG","TGGGGATAGAGGGACTTG",600,700,"Zebra","trnL(UAA)","Viridiplantae",50.016470123936,52.6708297864764,47.3684210526316,55.5555555555556
"112","Uni_MinibarF1_71_F.Uni_MinibarR1_71_R","CS1_Uni_MinibarF1_71_for","CS2_Uni_MinibarR1_71_rev","GAAAATCATAATGAAGGCATGAGC","TCCACTAATCACAARGATATTGGTAC",100,200,"Test","COI","Eukaryota",52.0938888217058,52.9236339820825,37.5,35.5769230769231
"113","V1_84_F.PMP2_85_R","CS1_V1_84_for","CS2_PMP2_85_rev","CACCAGGTTGATTCTGCCTGAC","CCTCTCCGGAACCAAACCCTG",200,300,"Test","18S","Eukaryota",57.2268578494915,60.3148808405026,54.5454545454545,61.9047619047619
"114","VF1d_t1_81_F.VR1d_t1_82_R","CS1_VF1d_t1_81_for","CS2_VR1d_t1_82_rev","TTCTCAACCAACCACAARGAYATYGG","TAGACTTCTGGGTGGCCRAARAAYCA",700,800,"Test","COI","Eukaryota",54.9793712433597,58.7118152167524,44.3181818181818,47.7810650887574
"115","VF1i_t1N_82_F.VR1i_t1N_83_R","CS1_VF1i_t1N_82_for","CS2_VR1i_t1N_83_rev","TTCTCAACCAACCANAANGANATNGG","TAGACTTCTGGGTGNCCNAANAANCA",700,800,"Test","COI","Eukaryota",52.755213041653,56.073320119743,40.9090909090909,45.4545454545455
"116","wang1141_13_F.Nem_0425_6_3_R","CS1_wang1141_13_for","CS2_Nem_0425_6_3_rev","GAATTGACGGAAGGGCACC","AAGGGCATCACAGACCTGTTAT",300,400,"Test","18S","Eukaryota",55.6033553051166,55.6600198269393,57.8947368421053,45.4545454545455
"117","ZBJ_ArtF1c_67_F.ZBJ_ArtR2c_67_R","CS1_ZBJ_ArtF1c_67_for","CS2_ZBJ_ArtR2c_67_rev","AGATATTGGAACWTTATATTTTATTTTTGG","WACTAATCAATTWCCAAATCCTCC",200,300,"Test","COI","Eukaryota",50.3932566936961,50.080213429876,20,33.3333333333333
