"","taxId","gi","species","superkingdom","kingdom","phylum","class","order","family","genus","accession","product_length","mismatch_forward","mismatch_reverse","forward_start","forward_stop","reverse_start","reverse_stop","product_start","product_stop"
"1","100569","1808995879","Ficus racemosa","Eukaryota","Viridiplantae","Streptophyta","Magnoliopsida","Rosales","Moraceae","Ficus","MN102663.1",184,0,2,22,43,205,184,22,205
"2","1009479","1812102513","Homalium cochinchinense","Eukaryota","Viridiplantae","Streptophyta","Magnoliopsida","Malpighiales","Salicaceae","Homalium","NC_045919.1",184,1,0,55977,55998,56160,56139,55977,56160
"3","101015","1782796632","Fragaria virginiana","Eukaryota","Viridiplantae","Streptophyta","Magnoliopsida","Rosales","Rosaceae","Fragaria","MN601496.1",184,0,2,31,52,214,193,31,214
"4","102107","1775898771","Prunus mume","Eukaryota","Viridiplantae","Streptophyta","Magnoliopsida","Rosales","Rosaceae","Prunus","MN609746.1",184,0,2,4,25,187,166,4,187
"5","1043435","1691422771","Leptodermis pilosa","Eukaryota","Viridiplantae","Streptophyta","Magnoliopsida","Gentianales","Rubiaceae","Leptodermis","MH324381.1",184,0,2,5,26,188,167,5,188
"6","1054349","1666021124","Coprosma hirtella","Eukaryota","Viridiplantae","Streptophyta","Magnoliopsida","Gentianales","Rubiaceae","Coprosma","MK141480.1",184,0,2,7,28,190,169,7,190
"7","1077959","1798158266","Quercus fabri","Eukaryota","Viridiplantae","Streptophyta","Magnoliopsida","Fagales","Fagaceae","Quercus","MK922346.1",184,0,2,60649,60670,60832,60811,60649,60832
"8","108543","1812100892","Fritillaria anhuiensis","Eukaryota","Viridiplantae","Streptophyta","Magnoliopsida","Liliales","Liliaceae","Fritillaria","NC_045861.1",184,1,0,52585,52606,52768,52747,52585,52768
"9","1085434","1812100721","Flacourtia rukam","Eukaryota","Viridiplantae","Streptophyta","Magnoliopsida","Malpighiales","Salicaceae","Flacourtia","NC_045859.1",184,1,0,54588,54609,54771,54750,54588,54771
"10","1133303","1677606889","Scapania ciliata","Eukaryota","Viridiplantae","Streptophyta","Jungermanniopsida","Jungermanniales","Scapaniaceae","Scapania","MH064513.1",184,0,2,56293,56314,56476,56455,56293,56476
"11","1137516","1815521542","Aristida behriana","Eukaryota","Viridiplantae","Streptophyta","Magnoliopsida","Poales","Poaceae","Aristida","MK570613.1",184,2,0,53858,53879,54041,54020,53858,54041
"12","1137519","1815521798","Aristida diffusa","Eukaryota","Viridiplantae","Streptophyta","Magnoliopsida","Poales","Poaceae","Aristida","MK570616.1",184,2,0,54105,54126,54288,54267,54105,54288
"13","1137538","1815521628","Aristida stipitata","Eukaryota","Viridiplantae","Streptophyta","Magnoliopsida","Poales","Poaceae","Aristida","MK570614.1",184,2,0,54688,54709,54871,54850,54688,54871
"14","117260","1780512542","Rosa acicularis","Eukaryota","Viridiplantae","Streptophyta","Magnoliopsida","Rosales","Rosaceae","Rosa","MK714016.1",184,0,2,56557,56578,56740,56719,56557,56740
"15","1175567","1818239811","Arthrostylidium multispicatum","Eukaryota","Viridiplantae","Streptophyta","Magnoliopsida","Poales","Poaceae","Arthrostylidium","MN064577.1",184,0,0,1,19,181,160,1,181
"16","1188268","1632389030","Aletris glandulifera","Eukaryota","Viridiplantae","Streptophyta","Magnoliopsida","Dioscoreales","Nartheciaceae","Aletris","MK720939.1",184,0,2,31,52,214,193,31,214
"17","1197927","1707511772","Cuscuta carnosa","Eukaryota","Viridiplantae","Streptophyta","Magnoliopsida","Solanales","Convolvulaceae","Cuscuta","NC_043868.1",184,0,2,43626,43647,43809,43788,43626,43809
"18","1202501","1812100993","Astelia australiana","Eukaryota","Viridiplantae","Streptophyta","Magnoliopsida","Asparagales","Asteliaceae","Astelia","NC_045865.1",184,1,0,57142,57163,57325,57304,57142,57325
"19","1226112","1817957004","Zanthoxylum pinnatum","Eukaryota","Viridiplantae","Streptophyta","Magnoliopsida","Sapindales","Rutaceae","Zanthoxylum","MN968553.1",184,1,0,57670,57691,57853,57832,57670,57853
"20","126366","1815410710","Fraxinus greggii","Eukaryota","Viridiplantae","Streptophyta","Magnoliopsida","Lamiales","Oleaceae","Fraxinus","MN120438.1",184,1,0,37,58,220,199,37,220
"21","1289419","1779750414","Xerophyta spekei","Eukaryota","Viridiplantae","Streptophyta","Magnoliopsida","Pandanales","Velloziaceae","Xerophyta","MN663122.1",184,0,2,54457,54478,54640,54619,54457,54640
"22","1291456","1815522219","Aquilegia rockii","Eukaryota","Viridiplantae","Streptophyta","Magnoliopsida","Ranunculales","Ranunculaceae","Aquilegia","MK573514.1",184,2,0,57017,57038,57200,57179,57017,57200
"23","1312024","1821738501","Neofinetia xichangensis","Eukaryota","Viridiplantae","Streptophyta","Magnoliopsida","Asparagales","Orchidaceae","Neofinetia","MN581727.1",184,1,0,54182,54203,54365,54344,54182,54365
"24","1354200","1812100525","Dendrobium pseudotenellum","Eukaryota","Viridiplantae","Streptophyta","Magnoliopsida","Asparagales","Orchidaceae","Dendrobium","NC_045854.1",184,1,0,54365,54386,54548,54527,54365,54548
"25","1354203","1812100606","Dendrobium wattii","Eukaryota","Viridiplantae","Streptophyta","Magnoliopsida","Asparagales","Orchidaceae","Dendrobium","NC_045856.1",184,1,0,56464,56485,56647,56626,56464,56647
"26","13547","1818215515","Gerbera jamesonii","Eukaryota","Viridiplantae","Streptophyta","Magnoliopsida","Asterales","Asteraceae","Gerbera","MN087227.1",184,0,2,54643,54664,54826,54805,54643,54826
"27","137697","1811123438","Rheum nobile","Eukaryota","Viridiplantae","Streptophyta","Magnoliopsida","Caryophyllales","Polygonaceae","Rheum","MN880789.1",184,0,2,57087,57108,57270,57249,57087,57270
"28","138020","1815410708","Vachellia constricta","Eukaryota","Viridiplantae","Streptophyta","Magnoliopsida","Fabales","Fabaceae","Vachellia","MN120437.1",184,0,2,33,54,216,195,33,216
"29","139926","1821738706","Annamocarya sinensis","Eukaryota","Viridiplantae","Streptophyta","Magnoliopsida","Fagales","Juglandaceae","Annamocarya","MN911165.1",184,0,2,60131,60152,60314,60293,60131,60314
"30","140635","1812101271","Pohlia nutans","Eukaryota","Viridiplantae","Streptophyta","Bryopsida","Bryales","Mniaceae","Pohlia","NC_045869.1",184,1,0,27545,27524,27362,27383,27362,27545
"31","1408783","1815519848","Paulownia taiwaniana","Eukaryota","Viridiplantae","Streptophyta","Magnoliopsida","Lamiales","Paulowniaceae","Paulownia","MK618177.1",184,1,0,55983,56004,56166,56145,55983,56166
"32","145669","1812102062","Arenga pinnata","Eukaryota","Viridiplantae","Streptophyta","Magnoliopsida","Arecales","Arecaceae","Arenga","NC_045907.1",184,2,0,57707,57728,57890,57869,57707,57890
"33","1461639","1812100807","Fritillaria crassicaulis","Eukaryota","Viridiplantae","Streptophyta","Magnoliopsida","Liliales","Liliaceae","Fritillaria","NC_045860.1",184,1,0,52382,52403,52565,52544,52382,52565
"34","1470429","1812092380","Tainia dunnii","Eukaryota","Viridiplantae","Streptophyta","Magnoliopsida","Asparagales","Orchidaceae","Tainia","NC_045862.1",184,1,0,56498,56519,56681,56660,56498,56681
"35","147277","1782774662","Torreya jackii","Eukaryota","Viridiplantae","Streptophyta","Pinopsida","Cupressales","Taxaceae","Torreya","MK249064.1",184,0,2,54811,54832,54994,54973,54811,54994
"36","147460","1782774410","Torreya fargesii","Eukaryota","Viridiplantae","Streptophyta","Pinopsida","Cupressales","Taxaceae","Torreya","MK249061.1",184,0,2,54839,54860,55022,55001,54839,55022
"37","1477590","1812093195","Daphne genkwa","Eukaryota","Viridiplantae","Streptophyta","Magnoliopsida","Malvales","Thymelaeaceae","Daphne","NC_045891.1",184,0,2,57109,57130,57292,57271,57109,57292
"38","1480154","1575646680","Marchantia polymorpha","Eukaryota","Viridiplantae","Streptophyta","Marchantiopsida","Marchantiales","Marchantiaceae","Marchantia","MK202952.1",184,0,2,56048,56069,56231,56210,56048,56231
"39","152095","1809264818","Fritillaria unibracteata","Eukaryota","Viridiplantae","Streptophyta","Magnoliopsida","Liliales","Liliaceae","Fritillaria","MK258140.1",184,0,2,52516,52537,52699,52678,52516,52699
"40","152355","1820515241","Pericampylus glaucus","Eukaryota","Viridiplantae","Streptophyta","Magnoliopsida","Ranunculales","Menispermaceae","Pericampylus","MN539265.1",184,0,2,61384,61405,61567,61546,61384,61567
"41","1525817","1812092137","Tainia cordifolia","Eukaryota","Viridiplantae","Streptophyta","Magnoliopsida","Asparagales","Orchidaceae","Tainia","NC_045851.1",184,1,0,56628,56649,56811,56790,56628,56811
"42","152838","1818215059","Lycoris aurea","Eukaryota","Viridiplantae","Streptophyta","Magnoliopsida","Asparagales","Amaryllidaceae","Lycoris","MN831471.1",184,1,0,57890,57911,58073,58052,57890,58073
"43","1547837","1675951977","Richardia grandiflora","Eukaryota","Viridiplantae","Streptophyta","Magnoliopsida","Gentianales","Rubiaceae","Richardia","MH549971.1",184,0,2,13,34,196,175,13,196
"44","156149","1782774578","Torreya taxifolia","Eukaryota","Viridiplantae","Streptophyta","Pinopsida","Cupressales","Taxaceae","Torreya","MK249063.1",184,0,2,54852,54873,55035,55014,54852,55035
"45","157795","1808682160","Lithocarpus edulis","Eukaryota","Viridiplantae","Streptophyta","Magnoliopsida","Fagales","Fagaceae","Lithocarpus","LC521806.1",184,0,2,5,26,188,167,5,188
"46","158868","1666021166","Nertera dichondrifolia","Eukaryota","Viridiplantae","Streptophyta","Magnoliopsida","Gentianales","Rubiaceae","Nertera","MK141501.1",184,0,2,4,25,187,166,4,187
"47","158873","1666021186","Opercularia varia","Eukaryota","Viridiplantae","Streptophyta","Magnoliopsida","Gentianales","Rubiaceae","Opercularia","MK141511.1",184,0,2,4,25,187,166,4,187
"48","1642051","1781317035","Rosa lucidissima","Eukaryota","Viridiplantae","Streptophyta","Magnoliopsida","Rosales","Rosaceae","Rosa","MK782979.1",184,0,2,56583,56604,56766,56745,56583,56766
"49","165201","1811123521","Actinidia lanceolata","Eukaryota","Viridiplantae","Streptophyta","Magnoliopsida","Ericales","Actinidiaceae","Actinidia","MK370725.1",184,0,2,57184,57205,57367,57346,57184,57367
"50","165720","1810664565","Actinidia zhejiangensis","Eukaryota","Viridiplantae","Streptophyta","Magnoliopsida","Ericales","Actinidiaceae","Actinidia","MK318825.1",184,0,2,56499,56520,56682,56661,56499,56682
"51","167379","1809283894","Castanea seguinii","Eukaryota","Viridiplantae","Streptophyta","Magnoliopsida","Fagales","Fagaceae","Castanea","MK248944.1",184,0,2,60210,60231,60393,60372,60210,60393
"52","167569","1597480575","Aletris farinosa","Eukaryota","Viridiplantae","Streptophyta","Magnoliopsida","Dioscoreales","Nartheciaceae","Aletris","MK525148.1",184,0,2,10,31,193,172,10,193
"53","168002","1812092919","Anemone narcissiflora","Eukaryota","Viridiplantae","Streptophyta","Magnoliopsida","Ranunculales","Ranunculaceae","Anemone","NC_045879.1",184,2,0,55728,55749,55911,55890,55728,55911
"54","1768213","1809264923","Fritillaria sichuanica","Eukaryota","Viridiplantae","Streptophyta","Magnoliopsida","Liliales","Liliaceae","Fritillaria","MK258141.1",184,0,2,52510,52531,52693,52672,52510,52693
"55","178432","1818033444","Mesanthemum radicans","Eukaryota","Viridiplantae","Streptophyta","Magnoliopsida","Poales","Eriocaulaceae","Mesanthemum","MK465476.1",184,1,0,18,39,201,180,18,201
"56","1785620","1821738107","Elatostema dissectum","Eukaryota","Viridiplantae","Streptophyta","Magnoliopsida","Rosales","Urticaceae","Elatostema","MK227819.1",184,0,2,54714,54735,54897,54876,54714,54897
"57","179723","1812101961","Bennettiodendron leprosipes","Eukaryota","Viridiplantae","Streptophyta","Magnoliopsida","Malpighiales","Salicaceae","Bennettiodendron","NC_045898.1",184,1,0,56050,56071,56233,56212,56050,56233
"58","1799609","1815520022","Paulownia fargesii","Eukaryota","Viridiplantae","Streptophyta","Magnoliopsida","Lamiales","Paulowniaceae","Paulownia","MK618179.1",184,1,0,56421,56442,56604,56583,56421,56604
"59","180772","1817956364","Vaccinium vitis-idaea","Eukaryota","Viridiplantae","Streptophyta","Magnoliopsida","Ericales","Ericaceae","Vaccinium","LC521969.1",184,0,1,11697,11676,11514,11535,11514,11697
"60","181237","1808511872","Commiphora africana","Eukaryota","Viridiplantae","Streptophyta","Magnoliopsida","Sapindales","Burseraceae","Commiphora","MN100136.1",184,1,0,523,502,340,361,340,523
"61","182105","1808512233","Ficus benjamina","Eukaryota","Viridiplantae","Streptophyta","Magnoliopsida","Rosales","Moraceae","Ficus","MN098996.1",184,0,2,11,32,194,173,11,194
"62","182112","1808512235","Ficus elastica","Eukaryota","Viridiplantae","Streptophyta","Magnoliopsida","Rosales","Moraceae","Ficus","MN098997.1",184,0,2,17,38,200,179,17,200
"63","1827073","1554393064","Hydnophytum hellwigii","Eukaryota","Viridiplantae","Streptophyta","Magnoliopsida","Gentianales","Rubiaceae","Hydnophytum","MH826994.1",184,0,2,5,26,188,167,5,188
"64","1848406","1812100401","Asteropyrum peltatum","Eukaryota","Viridiplantae","Streptophyta","Magnoliopsida","Ranunculales","Ranunculaceae","Asteropyrum","NC_045850.1",184,2,0,59663,59684,59846,59825,59663,59846
"65","1868835","1666021132","Coprosma oliveri","Eukaryota","Viridiplantae","Streptophyta","Magnoliopsida","Gentianales","Rubiaceae","Coprosma","MK141484.1",184,0,2,4,25,187,166,4,187
"66","1878968","1815521884","Aristida glaziovii","Eukaryota","Viridiplantae","Streptophyta","Magnoliopsida","Poales","Poaceae","Aristida","MK570617.1",184,2,0,54748,54769,54931,54910,54748,54931
"67","1887461","1775898677","Spiraea prunifolia","Eukaryota","Viridiplantae","Streptophyta","Magnoliopsida","Rosales","Rosaceae","Spiraea","MN623839.1",184,0,2,4,25,187,166,4,187
"68","1903578","1815519761","Paulownia elongata","Eukaryota","Viridiplantae","Streptophyta","Magnoliopsida","Lamiales","Paulowniaceae","Paulownia","MK618176.1",184,1,0,56419,56440,56602,56581,56419,56602
"69","190548","1817956284","Vaccinium uliginosum","Eukaryota","Viridiplantae","Streptophyta","Magnoliopsida","Ericales","Ericaceae","Vaccinium","LC521968.1",184,0,2,11642,11621,11459,11480,11459,11642
"70","190757","1815410714","Leucaena retusa","Eukaryota","Viridiplantae","Streptophyta","Magnoliopsida","Fabales","Fabaceae","Leucaena","MN120440.1",184,1,0,33,54,216,195,33,216
"71","191702","1812101526","Dacrydium elatum","Eukaryota","Viridiplantae","Streptophyta","Pinopsida","Araucariales","Podocarpaceae","Dacrydium","NC_045880.1",184,2,0,52494,52515,52677,52656,52494,52677
"72","202985","1797020056","Orostachys japonica","Eukaryota","Viridiplantae","Streptophyta","Magnoliopsida","Saxifragales","Crassulaceae","Orostachys","MN794320.1",184,0,2,54549,54570,54732,54711,54549,54732
"73","204588","1708008200","Alsophila gigantea","Eukaryota","Viridiplantae","Streptophyta","Polypodiopsida","Cyatheales","Cyatheaceae","Alsophila","MH603068.1",184,0,2,55012,55033,55195,55174,55012,55195
"74","2054586","1780008276","Tryssophyton merumense","Eukaryota","Viridiplantae","Streptophyta","Magnoliopsida","Myrtales","Melastomataceae","Tryssophyton","MK284232.1",184,0,2,11,32,194,173,11,194
"75","206227","1812101178","Hoya carnosa","Eukaryota","Viridiplantae","Streptophyta","Magnoliopsida","Gentianales","Apocynaceae","Hoya","NC_045868.1",184,1,0,61965,61986,62148,62127,61965,62148
"76","2071579","1554392766","Dicksonia sciurus","Eukaryota","Viridiplantae","Streptophyta","Polypodiopsida","Cyatheales","Dicksoniaceae","Dicksonia","MH826899.1",184,0,2,5,26,188,167,5,188
"77","2099537","1817956828","Zanthoxylum madagascariense","Eukaryota","Viridiplantae","Streptophyta","Magnoliopsida","Sapindales","Rutaceae","Zanthoxylum","MN968551.1",184,1,0,56985,57006,57168,57147,56985,57168
"78","2099541","1817956916","Zanthoxylum paniculatum","Eukaryota","Viridiplantae","Streptophyta","Magnoliopsida","Sapindales","Rutaceae","Zanthoxylum","MN968552.1",184,1,0,57164,57185,57347,57326,57164,57347
"79","210369","1818215300","Tribulus terrestris","Eukaryota","Viridiplantae","Streptophyta","Magnoliopsida","Zygophyllales","Zygophyllaceae","Tribulus","MN164624.1",184,0,2,58790,58811,58973,58952,58790,58973
"80","210372","1818172197","Aquilaria sinensis","Eukaryota","Viridiplantae","Streptophyta","Magnoliopsida","Malvales","Thymelaeaceae","Aquilaria","LC491571.1",184,0,1,73734,73713,73551,73572,73551,73734
"81","212710","1820515413","Pyrularia edulis","Eukaryota","Viridiplantae","Streptophyta","Magnoliopsida","Santalales","Cervantesiaceae","Pyrularia","MN539267.1",184,0,2,55338,55359,55521,55500,55338,55521
"82","2136784","1458395321","Hattoria yakushimensis","Eukaryota","Viridiplantae","Streptophyta","Jungermanniopsida","Jungermanniales","Scapaniaceae","Hattoria","LC376047.1",184,0,1,31,52,214,193,31,214
"83","217170","1810665900","Axonopus compressus","Eukaryota","Viridiplantae","Streptophyta","Magnoliopsida","Poales","Poaceae","Axonopus","MN989413.1",184,1,0,55780,55801,55963,55942,55780,55963
"84","2175815","1691422779","Leptodermis dielsiana","Eukaryota","Viridiplantae","Streptophyta","Magnoliopsida","Gentianales","Rubiaceae","Leptodermis","MH324385.1",184,0,2,5,26,188,167,5,188
"85","2175816","1691422769","Leptodermis diffusa","Eukaryota","Viridiplantae","Streptophyta","Magnoliopsida","Gentianales","Rubiaceae","Leptodermis","MH324380.1",184,0,2,5,26,188,167,5,188
"86","2175817","1691422781","Leptodermis glomerata","Eukaryota","Viridiplantae","Streptophyta","Magnoliopsida","Gentianales","Rubiaceae","Leptodermis","MH324386.1",184,0,2,5,26,188,167,5,188
"87","2175822","1691422777","Leptodermis hirsutiflora","Eukaryota","Viridiplantae","Streptophyta","Magnoliopsida","Gentianales","Rubiaceae","Leptodermis","MH324384.1",184,0,2,5,26,188,167,5,188
"88","2291166","1809626817","Scorzonera albicaulis","Eukaryota","Viridiplantae","Streptophyta","Magnoliopsida","Asterales","Asteraceae","Scorzonera","MN726410.1",184,0,2,10,31,193,172,10,193
"89","231669","1812101437","Anemone hepatica","Eukaryota","Viridiplantae","Streptophyta","Magnoliopsida","Ranunculales","Ranunculaceae","Anemone","NC_045878.1",184,2,0,56809,56830,56992,56971,56809,56992
"90","247882","1811000524","Eysenhardtia orthocarpa","Eukaryota","Viridiplantae","Streptophyta","Magnoliopsida","Fabales","Fabaceae","Eysenhardtia","MN122132.1",184,2,0,32,53,215,194,32,215
"91","2490661","1524245744","Crusea diversifolia","Eukaryota","Viridiplantae","Streptophyta","Magnoliopsida","Gentianales","Rubiaceae","Crusea","MH028847.1",184,0,2,5,26,188,167,5,188
"92","2490684","1524245742","Richardia tricocca","Eukaryota","Viridiplantae","Streptophyta","Magnoliopsida","Gentianales","Rubiaceae","Richardia","MH028846.1",184,0,2,5,26,188,167,5,188
"93","2501695","1554392925","Dicksonia cf. antarctica SEM-2019","Eukaryota","Viridiplantae","Streptophyta","Polypodiopsida","Cyatheales","Dicksoniaceae","Dicksonia","MH826950.1",184,0,2,5,26,188,167,5,188
"94","2501703","1554392571","Nauclea sp. 1 SEM-2019","Eukaryota","Viridiplantae","Streptophyta","Magnoliopsida","Gentianales","Rubiaceae","Nauclea","MH826836.1",184,0,2,5,26,188,167,5,188
"95","2501731","1554392402","Psychotria murmurensis","Eukaryota","Viridiplantae","Streptophyta","Magnoliopsida","Gentianales","Rubiaceae","Psychotria","MH826781.1",184,0,2,5,26,188,167,5,188
"96","2507185","1818239809","Tibisia farcta","Eukaryota","Viridiplantae","Streptophyta","Magnoliopsida","Poales","Poaceae","Tibisia","MN064576.1",184,1,0,16,37,199,178,16,199
"97","2508035","1561762447","Zea sp. 2 KS-2019","Eukaryota","Viridiplantae","Streptophyta","Magnoliopsida","Poales","Poaceae","Zea","MH536647.1",184,0,2,13,34,196,175,13,196
"98","2511811","1675952046","Spermacoce terminalis","Eukaryota","Viridiplantae","Streptophyta","Magnoliopsida","Gentianales","Rubiaceae","Spermacoce","MH550006.1",184,0,2,10,31,193,172,10,193
"99","253046","1821431696","Impatiens pritzelii","Eukaryota","Viridiplantae","Streptophyta","Magnoliopsida","Ericales","Balsaminaceae","Impatiens","MN418389.1",184,0,2,54487,54508,54670,54649,54487,54670
"100","2545923","1815520196","Paulownia catalpifolia","Eukaryota","Viridiplantae","Streptophyta","Magnoliopsida","Lamiales","Paulowniaceae","Paulownia","MK618181.1",184,1,0,56424,56445,56607,56586,56424,56607
"101","2547231","1818033418","Syngonanthus angolensis","Eukaryota","Viridiplantae","Streptophyta","Magnoliopsida","Poales","Eriocaulaceae","Syngonanthus","MK465463.1",184,1,0,15,36,198,177,15,198
"102","2547239","1818033434","Mesanthemum albidum","Eukaryota","Viridiplantae","Streptophyta","Magnoliopsida","Poales","Eriocaulaceae","Mesanthemum","MK465471.1",184,1,0,18,39,201,180,18,201
"103","2547240","1818033440","Mesanthemum prescottianum","Eukaryota","Viridiplantae","Streptophyta","Magnoliopsida","Poales","Eriocaulaceae","Mesanthemum","MK465474.1",184,1,0,18,39,201,180,18,201
"104","2547241","1818033438","Mesanthemum glabrum","Eukaryota","Viridiplantae","Streptophyta","Magnoliopsida","Poales","Eriocaulaceae","Mesanthemum","MK465473.1",184,1,0,18,39,201,180,18,201
"105","2570665","1804601049","Potentilla glaucophylla","Eukaryota","Viridiplantae","Streptophyta","Magnoliopsida","Rosales","Rosaceae","Potentilla","MK749377.1",184,0,2,4,25,187,166,4,187
"106","2575400","1820515327","Pittosporum kerrii","Eukaryota","Viridiplantae","Streptophyta","Magnoliopsida","Apiales","Pittosporaceae","Pittosporum","MN539266.1",184,0,2,56475,56496,56658,56637,56475,56658
"107","2575589","1707505904","Schistochila macrodonta","Eukaryota","Viridiplantae","Streptophyta","Jungermanniopsida","Jungermanniales","Schistochilaceae","Schistochila","NC_043779.1",184,0,2,57119,57140,57302,57281,57119,57302
"108","2583247","1666021096","Anthospermum sp. Bremer et al. 4351","Eukaryota","Viridiplantae","Streptophyta","Magnoliopsida","Gentianales","Rubiaceae","Anthospermum","MK141466.1",184,0,2,4,25,187,166,4,187
"109","2583248","1666021170","Nertera sp. Sparre 19514","Eukaryota","Viridiplantae","Streptophyta","Magnoliopsida","Gentianales","Rubiaceae","Nertera","MK141503.1",184,0,2,4,25,187,166,4,187
"110","2583250","1666021020","Anthospermum basuticum","Eukaryota","Viridiplantae","Streptophyta","Magnoliopsida","Gentianales","Rubiaceae","Anthospermum","MK141428.1",184,0,2,4,25,187,166,4,187
"111","2583251","1666021022","Anthospermum bergianum","Eukaryota","Viridiplantae","Streptophyta","Magnoliopsida","Gentianales","Rubiaceae","Anthospermum","MK141429.1",184,0,2,4,25,187,166,4,187
"112","2583252","1666021026","Anthospermum dregei","Eukaryota","Viridiplantae","Streptophyta","Magnoliopsida","Gentianales","Rubiaceae","Anthospermum","MK141431.1",184,0,2,4,25,187,166,4,187
"113","2583271","1666021100","Anthospermum whyteanum","Eukaryota","Viridiplantae","Streptophyta","Magnoliopsida","Gentianales","Rubiaceae","Anthospermum","MK141468.1",184,0,2,1,22,184,163,1,184
"114","2583275","1666021146","Galopina crocyllioides","Eukaryota","Viridiplantae","Streptophyta","Magnoliopsida","Gentianales","Rubiaceae","Galopina","MK141491.1",184,0,2,7,28,190,169,7,190
"115","2583277","1666021158","Nenax arenicola","Eukaryota","Viridiplantae","Streptophyta","Magnoliopsida","Gentianales","Rubiaceae","Nenax","MK141497.1",184,0,2,4,25,187,166,4,187
"116","2583278","1666021160","Nenax divaricata","Eukaryota","Viridiplantae","Streptophyta","Magnoliopsida","Gentianales","Rubiaceae","Nenax","MK141498.1",184,0,2,4,25,187,166,4,187
"117","2583284","1666021194","Phyllis viscosa","Eukaryota","Viridiplantae","Streptophyta","Magnoliopsida","Gentianales","Rubiaceae","Phyllis","MK141515.1",184,0,2,4,25,187,166,4,187
"118","2588148","1693002310","Torreya parvifolia","Eukaryota","Viridiplantae","Streptophyta","Pinopsida","Cupressales","Taxaceae","Torreya","MH744490.1",184,0,2,54813,54834,54996,54975,54813,54996
"119","2594734","1818033424","Eriocaulon latifolium","Eukaryota","Viridiplantae","Streptophyta","Magnoliopsida","Poales","Eriocaulaceae","Eriocaulon","MK465466.1",184,2,0,18,39,201,180,18,201
"120","2594739","1818033426","Eriocaulon petraeum","Eukaryota","Viridiplantae","Streptophyta","Magnoliopsida","Poales","Eriocaulaceae","Eriocaulon","MK465467.1",184,2,0,18,39,201,180,18,201
"121","2594742","1818033428","Eriocaulon pulchellum","Eukaryota","Viridiplantae","Streptophyta","Magnoliopsida","Poales","Eriocaulaceae","Eriocaulon","MK465468.1",184,2,0,14,35,197,176,14,197
"122","2598391","1554392153","Sphaeropteris procera","Eukaryota","Viridiplantae","Streptophyta","Polypodiopsida","Cyatheales","Cyatheaceae","Sphaeropteris","MH826701.1",184,0,2,5,26,188,167,5,188
"123","2600500","1809499776","Piper sp. MP 799","Eukaryota","Viridiplantae","Streptophyta","Magnoliopsida","Piperales","Piperaceae","Piper","MN216854.1",184,0,2,16,37,199,178,16,199
"124","2603303","1809626821","Scorzonera baldschuanica","Eukaryota","Viridiplantae","Streptophyta","Magnoliopsida","Asterales","Asteraceae","Scorzonera","MN726412.1",184,0,2,10,31,193,172,10,193
"125","2603307","1809626827","Scorzonera tragopogonoides","Eukaryota","Viridiplantae","Streptophyta","Magnoliopsida","Asterales","Asteraceae","Scorzonera","MN726415.1",184,0,2,10,31,193,172,10,193
"126","2603308","1809626819","Scorzonera turkestanica","Eukaryota","Viridiplantae","Streptophyta","Magnoliopsida","Asterales","Asteraceae","Scorzonera","MN726411.1",184,0,2,10,31,193,172,10,193
"127","2603309","1809626823","Scorzonera virgata","Eukaryota","Viridiplantae","Streptophyta","Magnoliopsida","Asterales","Asteraceae","Scorzonera","MN726413.1",184,0,2,10,31,193,172,10,193
"128","2603520","1809626825","Scorzonera renzii","Eukaryota","Viridiplantae","Streptophyta","Magnoliopsida","Asterales","Asteraceae","Scorzonera","MN726414.1",184,0,2,10,31,193,172,10,193
"129","2603524","1809626856","Scorzonera capito","Eukaryota","Viridiplantae","Streptophyta","Magnoliopsida","Asterales","Asteraceae","Scorzonera","MN695370.1",184,0,2,10,31,193,172,10,193
"130","2603526","1809626858","Scorzonera ikonnikovii","Eukaryota","Viridiplantae","Streptophyta","Magnoliopsida","Asterales","Asteraceae","Scorzonera","MN695372.1",184,0,2,10,31,193,172,10,193
"131","2603529","1809626854","Scorzonera tau-saghyz","Eukaryota","Viridiplantae","Streptophyta","Magnoliopsida","Asterales","Asteraceae","Scorzonera","MN695368.1",184,0,2,10,31,193,172,10,193
"132","2604280","1809626792","Scorzonera alpigena","Eukaryota","Viridiplantae","Streptophyta","Magnoliopsida","Asterales","Asteraceae","Scorzonera","MN726397.1",184,0,2,10,31,193,172,10,193
"133","2604281","1809626788","Scorzonera lachnostegia","Eukaryota","Viridiplantae","Streptophyta","Magnoliopsida","Asterales","Asteraceae","Scorzonera","MN726395.1",184,0,2,10,31,193,172,10,193
"134","2604282","1809626799","Scorzonera luristanica","Eukaryota","Viridiplantae","Streptophyta","Magnoliopsida","Asterales","Asteraceae","Scorzonera","MN726401.1",184,0,2,10,31,193,172,10,193
"135","2604284","1809626805","Scorzonera grossheimii","Eukaryota","Viridiplantae","Streptophyta","Magnoliopsida","Asterales","Asteraceae","Scorzonera","MN726404.1",184,0,2,10,31,193,172,10,193
"136","2604309","1809626794","Scorzonera songorica","Eukaryota","Viridiplantae","Streptophyta","Magnoliopsida","Asterales","Asteraceae","Scorzonera","MN726398.1",184,0,2,10,31,193,172,10,193
"137","2604310","1809626803","Scorzonera kirpicznikovii","Eukaryota","Viridiplantae","Streptophyta","Magnoliopsida","Asterales","Asteraceae","Scorzonera","MN726403.1",184,0,2,10,31,193,172,10,193
"138","2604533","1809626796","Scorzonera meshhedensis","Eukaryota","Viridiplantae","Streptophyta","Magnoliopsida","Asterales","Asteraceae","Scorzonera","MN726399.1",184,0,2,10,31,193,172,10,193
"139","2604534","1809626801","Scorzonera meyeri","Eukaryota","Viridiplantae","Streptophyta","Magnoliopsida","Asterales","Asteraceae","Scorzonera","MN726402.1",184,0,2,10,31,193,172,10,193
"140","2609018","1819289141","Rubus boninensis","Eukaryota","Viridiplantae","Streptophyta","Magnoliopsida","Rosales","Rosaceae","Rubus","NC_046015.1",184,0,2,56466,56487,56649,56628,56466,56649
"141","261610","1809626809","Podospermum armenaicum","Eukaryota","Viridiplantae","Streptophyta","Magnoliopsida","Asterales","Asteraceae","Podospermum","MN726406.1",184,0,2,10,31,193,172,10,193
"142","261611","1809626786","Scorzonera cana","Eukaryota","Viridiplantae","Streptophyta","Magnoliopsida","Asterales","Asteraceae","Scorzonera","MN726394.1",184,0,2,10,31,193,172,10,193
"143","261613","1809626829","Scorzonera laciniata","Eukaryota","Viridiplantae","Streptophyta","Magnoliopsida","Asterales","Asteraceae","Scorzonera","MN726416.1",184,0,2,10,31,193,172,10,193
"144","261619","1809626782","Scorzonera austriaca","Eukaryota","Viridiplantae","Streptophyta","Magnoliopsida","Asterales","Asteraceae","Scorzonera","MN726392.1",184,0,2,10,31,193,172,10,193
"145","261629","1809626860","Takhtajaniantha pusilla","Eukaryota","Viridiplantae","Streptophyta","Magnoliopsida","Asterales","Asteraceae","Takhtajaniantha","MN695374.1",184,0,2,10,31,193,172,10,193
"146","264541","1708008290","Alsophila costularis","Eukaryota","Viridiplantae","Streptophyta","Polypodiopsida","Cyatheales","Cyatheaceae","Alsophila","MH684489.1",184,0,2,55084,55105,55267,55246,55084,55267
"147","265783","1815521008","Artemisia capillaris","Eukaryota","Viridiplantae","Streptophyta","Magnoliopsida","Asterales","Asteraceae","Artemisia","MK590021.1",184,1,0,54801,54822,54984,54963,54801,54984
"148","267231","1782796572","Rosa arkansana","Eukaryota","Viridiplantae","Streptophyta","Magnoliopsida","Rosales","Rosaceae","Rosa","MN601466.1",184,0,2,31,52,214,193,31,214
"149","267555","1812101726","Cuscuta australis","Eukaryota","Viridiplantae","Streptophyta","Magnoliopsida","Solanales","Convolvulaceae","Cuscuta","NC_045885.1",184,0,2,25035,25056,25218,25197,25035,25218
"150","268097","1809626815","Scorzonera humilis","Eukaryota","Viridiplantae","Streptophyta","Magnoliopsida","Asterales","Asteraceae","Scorzonera","MN726409.1",184,0,2,10,31,193,172,10,193
"151","268099","1809626811","Scorzonera purpurea","Eukaryota","Viridiplantae","Streptophyta","Magnoliopsida","Asterales","Asteraceae","Scorzonera","MN726407.1",184,0,2,10,31,193,172,10,193
"152","2681627","1819289524","Corybas taliensis","Eukaryota","Viridiplantae","Streptophyta","Magnoliopsida","Asparagales","Orchidaceae","Corybas","NC_046022.1",184,1,0,46633,46654,46816,46795,46633,46816
"153","2682428","1780008278","Tryssophyton quadrifolium","Eukaryota","Viridiplantae","Streptophyta","Magnoliopsida","Myrtales","Melastomataceae","Tryssophyton","MK284233.1",184,0,2,21,42,204,183,21,204
"154","268356","1809626813","Podospermum roseum","Eukaryota","Viridiplantae","Streptophyta","Magnoliopsida","Asterales","Asteraceae","Podospermum","MN726408.1",184,0,2,10,31,193,172,10,193
"155","2695540","1809499770","Erythrina sp. MP 793","Eukaryota","Viridiplantae","Streptophyta","Magnoliopsida","Fabales","Fabaceae","Erythrina","MN216851.1",184,0,2,12,33,195,174,12,195
"156","2695543","1809499626","Ficus sp. MP 693","Eukaryota","Viridiplantae","Streptophyta","Magnoliopsida","Rosales","Moraceae","Ficus","MN216779.1",184,0,2,16,37,199,178,16,199
"157","2695652","1809499764","Magnoliophyta sp. MP 790","Eukaryota","Viridiplantae","Streptophyta","Magnoliopsida","Unassigned","Unassigned","Unassigned","MN216848.1",184,0,2,16,37,199,178,16,199
"158","2695686","1809499048","Paederia sp. CP239","Eukaryota","Viridiplantae","Streptophyta","Magnoliopsida","Gentianales","Rubiaceae","Paederia","MN216490.1",184,0,2,16,37,199,178,16,199
"159","2695687","1809499394","Paederia sp. MP 491","Eukaryota","Viridiplantae","Streptophyta","Magnoliopsida","Gentianales","Rubiaceae","Paederia","MN216663.1",184,0,2,16,37,199,178,16,199
"160","2695706","1809499650","Rosa sp. MP 713","Eukaryota","Viridiplantae","Streptophyta","Magnoliopsida","Rosales","Rosaceae","Rosa","MN216791.1",184,0,2,16,37,199,178,16,199
"161","2695709","1809498998","Rubiaceae sp. CP201","Eukaryota","Viridiplantae","Streptophyta","Magnoliopsida","Gentianales","Rubiaceae","Unassigned","MN216465.1",184,0,2,16,37,199,178,16,199
"162","2695710","1809499112","Rubiaceae sp. CP289","Eukaryota","Viridiplantae","Streptophyta","Magnoliopsida","Gentianales","Rubiaceae","Unassigned","MN216522.1",184,0,2,16,37,199,178,16,199
"163","2695717","1809499758","Rubiaceae sp. MP 787","Eukaryota","Viridiplantae","Streptophyta","Magnoliopsida","Gentianales","Rubiaceae","Unassigned","MN216845.1",184,0,2,13,34,196,175,13,196
"164","2695718","1809499780","Rubiaceae sp. MP 803","Eukaryota","Viridiplantae","Streptophyta","Magnoliopsida","Gentianales","Rubiaceae","Unassigned","MN216856.1",184,0,2,16,37,199,178,16,199
"165","2695790","1809499408","Ximenia sp. MP 507","Eukaryota","Viridiplantae","Streptophyta","Magnoliopsida","Santalales","Ximeniaceae","Ximenia","MN216670.1",184,0,2,16,37,199,178,16,199
"166","2695791","1809499568","Ximenia sp. MP 645","Eukaryota","Viridiplantae","Streptophyta","Magnoliopsida","Santalales","Ximeniaceae","Ximenia","MN216750.1",184,0,2,16,37,199,178,16,199
"167","2695792","1809499680","Ximenia sp. MP 737","Eukaryota","Viridiplantae","Streptophyta","Magnoliopsida","Santalales","Ximeniaceae","Ximenia","MN216806.1",184,0,2,14,35,197,176,14,197
"168","2695833","1810664868","Siraitia siamensis","Eukaryota","Viridiplantae","Streptophyta","Magnoliopsida","Cucurbitales","Cucurbitaceae","Siraitia","MK755854.1",184,0,2,58719,58740,58902,58881,58719,58902
"169","2699524","1819291235","Ulmus elongata","Eukaryota","Viridiplantae","Streptophyta","Magnoliopsida","Rosales","Ulmaceae","Ulmus","NC_046061.1",184,0,2,58475,58496,58658,58637,58475,58658
"170","2704055","1812100250","Cotoneaster schantungensis","Eukaryota","Viridiplantae","Streptophyta","Magnoliopsida","Rosales","Rosaceae","Cotoneaster","NC_045840.1",184,0,2,58491,58512,58674,58653,58491,58674
"171","2705252","1818239807","Sinobambusa sp. EGA-2020","Eukaryota","Viridiplantae","Streptophyta","Magnoliopsida","Poales","Poaceae","Sinobambusa","MN064575.1",184,1,0,22,43,205,184,22,205
"172","2705258","1818239813","Arthrostylidium sarmentosum","Eukaryota","Viridiplantae","Streptophyta","Magnoliopsida","Poales","Poaceae","Arthrostylidium","MN064578.1",184,1,0,13,34,196,175,13,196
"173","2705373","1812102830","Helicia shweliensis","Eukaryota","Viridiplantae","Streptophyta","Magnoliopsida","Proteales","Proteaceae","Helicia","NC_045942.1",184,2,0,56071,56092,56254,56233,56071,56254
"174","2708357","1808512239","Ficus sp. 'Long Island'","Eukaryota","Viridiplantae","Streptophyta","Magnoliopsida","Rosales","Moraceae","Ficus","MN098999.1",184,0,2,6,27,189,168,6,189
"175","2708604","1812093071","Wikstroemia chamaedaphne","Eukaryota","Viridiplantae","Streptophyta","Magnoliopsida","Malvales","Thymelaeaceae","Wikstroemia","NC_045890.1",184,0,2,57743,57764,57926,57905,57743,57926
"176","2709848","1810944858","Gentiana apiata","Eukaryota","Viridiplantae","Streptophyta","Magnoliopsida","Gentianales","Gentianaceae","Gentiana","MK317975.1",184,0,2,54421,54442,54604,54583,54421,54604
"177","2709852","1810946382","Aster hypoleucus","Eukaryota","Viridiplantae","Streptophyta","Magnoliopsida","Asterales","Asteraceae","Aster","MK290824.1",184,0,2,54767,54788,54950,54929,54767,54950
"178","2710671","1811401144","Lapsanastrum humile","Eukaryota","Viridiplantae","Streptophyta","Magnoliopsida","Asterales","Asteraceae","Lapsanastrum","MK358416.1",184,0,2,55029,55050,55212,55191,55029,55212
"179","2714361","1818033432","Eriocaulon plumale","Eukaryota","Viridiplantae","Streptophyta","Magnoliopsida","Poales","Eriocaulaceae","Eriocaulon","MK465470.1",184,2,0,18,39,201,180,18,201
"180","2714363","1818033422","Eriocaulon deightonii","Eukaryota","Viridiplantae","Streptophyta","Magnoliopsida","Poales","Eriocaulaceae","Eriocaulon","MK465465.1",184,2,0,18,39,201,180,18,201
"181","2714546","1817957092","Zanthoxylum tragodes","Eukaryota","Viridiplantae","Streptophyta","Magnoliopsida","Sapindales","Rutaceae","Zanthoxylum","MN968554.1",184,1,0,57485,57506,57668,57647,57485,57668
"182","2714856","1818215190","Primula tsiangii","Eukaryota","Viridiplantae","Streptophyta","Magnoliopsida","Ericales","Primulaceae","Primula","MN065496.1",184,0,2,55400,55421,55583,55562,55400,55583
"183","2717818","1821738194","Capparis spinosa","Eukaryota","Viridiplantae","Streptophyta","Magnoliopsida","Brassicales","Capparaceae","Capparis","MK639365.1",184,0,2,57019,57040,57202,57181,57019,57202
"184","276782","1817956204","Vaccinium bracteatum","Eukaryota","Viridiplantae","Streptophyta","Magnoliopsida","Ericales","Ericaceae","Vaccinium","LC521967.1",184,0,1,11600,11579,11417,11438,11417,11600
"185","279663","1812093440","Fritillaria davidii","Eukaryota","Viridiplantae","Streptophyta","Magnoliopsida","Liliales","Liliaceae","Fritillaria","NC_045895.1",184,1,0,52553,52574,52736,52715,52553,52736
"186","279687","1812093328","Fritillaria maximowiczii","Eukaryota","Viridiplantae","Streptophyta","Magnoliopsida","Liliales","Liliaceae","Fritillaria","NC_045894.1",184,0,2,52875,52896,53058,53037,52875,53058
"187","28477","1597484476","Symplocarpus foetidus","Eukaryota","Viridiplantae","Streptophyta","Magnoliopsida","Alismatales","Araceae","Symplocarpus","MK526789.1",184,0,2,10,31,193,172,10,193
"188","286874","1812094478","Ranunculus cantoniensis","Eukaryota","Viridiplantae","Streptophyta","Magnoliopsida","Ranunculales","Ranunculaceae","Ranunculus","NC_045920.1",184,2,0,55835,55856,56018,55997,55835,56018
"189","291310","1812094289","Incarvillea arguta","Eukaryota","Viridiplantae","Streptophyta","Magnoliopsida","Lamiales","Bignoniaceae","Incarvillea","NC_045915.1",184,1,0,57776,57797,57959,57938,57776,57959
"190","29760","1820514733","Vitis vinifera","Eukaryota","Viridiplantae","Streptophyta","Magnoliopsida","Vitales","Vitaceae","Vitis","MN561034.1",184,1,0,59455,59476,59638,59617,59455,59638
"191","29797","1554392126","Hydnophytum formicarum","Eukaryota","Viridiplantae","Streptophyta","Magnoliopsida","Gentianales","Rubiaceae","Hydnophytum","MH826692.1",184,0,2,5,26,188,167,5,188
"192","306558","1804601057","Sedum lanceolatum","Eukaryota","Viridiplantae","Streptophyta","Magnoliopsida","Saxifragales","Crassulaceae","Sedum","MK749381.1",184,0,2,4,25,187,166,4,187
"193","318071","1754176015","Symplocarpus nipponicus","Eukaryota","Viridiplantae","Streptophyta","Magnoliopsida","Alismatales","Araceae","Symplocarpus","MK341566.1",184,0,2,56635,56656,56818,56797,56635,56818
"194","321363","1810684247","Rhododendron delavayi","Eukaryota","Viridiplantae","Streptophyta","Magnoliopsida","Ericales","Ericaceae","Rhododendron","MN711645.2",184,0,2,17419,17398,17236,17257,17236,17419
"195","327332","1812093553","Liparis nervosa","Eukaryota","Viridiplantae","Streptophyta","Magnoliopsida","Asparagales","Orchidaceae","Liparis","NC_045896.1",184,1,0,55892,55913,56075,56054,55892,56075
"196","329875","1820514821","Rauvolfia verticillata","Eukaryota","Viridiplantae","Streptophyta","Magnoliopsida","Gentianales","Apocynaceae","Rauvolfia","MN480804.1",184,0,2,57007,57028,57190,57169,57007,57190
"197","336055","1714604249","Antirhea chinensis","Eukaryota","Viridiplantae","Streptophyta","Magnoliopsida","Gentianales","Rubiaceae","Antirhea","NC_044102.1",184,0,2,57072,57093,57255,57234,57072,57255
"198","338490","1812095054","Dendrocalamus sinicus","Eukaryota","Viridiplantae","Streptophyta","Magnoliopsida","Poales","Poaceae","Dendrocalamus","NC_045941.1",184,1,0,56731,56752,56914,56893,56731,56914
"199","340444","1820514907","Dipterocarpus turbinatus","Eukaryota","Viridiplantae","Streptophyta","Magnoliopsida","Malvales","Dipterocarpaceae","Dipterocarpus","MN444783.1",184,0,3,55792,55813,55975,55954,55792,55975
"200","34301","1818813800","Nymphaea alba","Eukaryota","Viridiplantae","Streptophyta","Magnoliopsida","Nymphaeales","Nymphaeaceae","Nymphaea","MN384861.1",184,0,1,663,642,480,501,480,663
"201","3494","1808995914","Ficus carica","Eukaryota","Viridiplantae","Streptophyta","Magnoliopsida","Rosales","Moraceae","Ficus","MN102670.1",184,0,2,16,37,199,178,16,199
"202","3728","1812095584","Sinapis alba","Eukaryota","Viridiplantae","Streptophyta","Magnoliopsida","Brassicales","Brassicaceae","Sinapis","NC_045948.1",184,0,2,54116,54137,54299,54278,54116,54299
"203","374970","1779936279","Dioscorea persimilis","Eukaryota","Viridiplantae","Streptophyta","Magnoliopsida","Dioscoreales","Dioscoreaceae","Dioscorea","MN585218.1",184,0,2,54778,54799,54961,54940,54778,54961
"204","37565","1812095348","Ruta graveolens","Eukaryota","Viridiplantae","Streptophyta","Magnoliopsida","Sapindales","Rutaceae","Ruta","NC_045946.1",184,1,0,57397,57418,57580,57559,57397,57580
"205","37730","1812092649","Psathyrostachys huashanica","Eukaryota","Viridiplantae","Streptophyta","Magnoliopsida","Poales","Poaceae","Psathyrostachys","NC_045871.1",184,2,0,55066,55087,55249,55228,55066,55249
"206","379263","1666021164","Nenax microphylla","Eukaryota","Viridiplantae","Streptophyta","Magnoliopsida","Gentianales","Rubiaceae","Nenax","MK141500.1",184,0,2,4,25,187,166,4,187
"207","387291","1812094050","Anemone maxima","Eukaryota","Viridiplantae","Streptophyta","Magnoliopsida","Ranunculales","Ranunculaceae","Anemone","NC_045909.1",184,2,0,56747,56768,56930,56909,56747,56930
"208","387930","1812093937","Anemone cernua","Eukaryota","Viridiplantae","Streptophyta","Magnoliopsida","Ranunculales","Ranunculaceae","Anemone","NC_045908.1",184,2,0,57860,57881,58043,58022,57860,58043
"209","38942","1805930113","Quercus robur","Eukaryota","Viridiplantae","Streptophyta","Magnoliopsida","Fagales","Fagaceae","Quercus","MN562095.1",184,0,2,60587,60608,60770,60749,60587,60770
"210","40007","1810665381","Osbeckia stellata","Eukaryota","Viridiplantae","Streptophyta","Magnoliopsida","Myrtales","Melastomataceae","Osbeckia","MK331713.1",184,0,2,56887,56908,57070,57049,56887,57070
"211","409505","1775898869","Spiraea blumei","Eukaryota","Viridiplantae","Streptophyta","Magnoliopsida","Rosales","Rosaceae","Spiraea","MN609678.1",184,0,2,4,25,187,166,4,187
"212","4108","1811400793","Solanum chacoense","Eukaryota","Viridiplantae","Streptophyta","Magnoliopsida","Solanales","Solanaceae","Solanum","MK398247.1",184,0,2,56798,56819,56981,56960,56798,56981
"213","41982","1815521714","Aristida congesta","Eukaryota","Viridiplantae","Streptophyta","Magnoliopsida","Poales","Poaceae","Aristida","MK570615.1",184,2,0,54735,54756,54918,54897,54735,54918
"214","426459","1818215617","Myricaria prostrata","Eukaryota","Viridiplantae","Streptophyta","Magnoliopsida","Caryophyllales","Tamaricaceae","Myricaria","MN088847.1",184,0,2,56911,56932,57094,57073,56911,57094
"215","43534","1666021118","Nertera granadensis","Eukaryota","Viridiplantae","Streptophyta","Magnoliopsida","Gentianales","Rubiaceae","Nertera","MK141477.1",184,0,2,4,25,187,166,4,187
"216","4432","1811294152","Nelumbo nucifera","Eukaryota","Viridiplantae","Streptophyta","Magnoliopsida","Proteales","Nelumbonaceae","Nelumbo","MN068956.1",184,0,2,31,52,214,193,31,214
"217","45181","1597483071","Mitchella repens","Eukaryota","Viridiplantae","Streptophyta","Magnoliopsida","Gentianales","Rubiaceae","Mitchella","MK526197.1",184,0,2,10,31,193,172,10,193
"218","462690","1675952048","Hedyotis verticillata","Eukaryota","Viridiplantae","Streptophyta","Magnoliopsida","Gentianales","Rubiaceae","Hedyotis","MH550007.1",184,0,2,19,40,202,181,19,202
"219","466243","1812091545","Bletilla formosana","Eukaryota","Viridiplantae","Streptophyta","Magnoliopsida","Asparagales","Orchidaceae","Bletilla","NC_045842.1",184,1,0,56663,56684,56846,56825,56663,56846
"220","4726","1809499002","Pandanus tectorius","Eukaryota","Viridiplantae","Streptophyta","Magnoliopsida","Pandanales","Pandanaceae","Pandanus","MN216467.1",184,0,2,16,37,199,178,16,199
"221","47967","1810665554","Acer takesimense","Eukaryota","Viridiplantae","Streptophyta","Magnoliopsida","Sapindales","Sapindaceae","Acer","MK329223.1",184,1,0,57488,57509,57671,57650,57488,57671
"222","47968","1810665467","Acer pseudosieboldianum","Eukaryota","Viridiplantae","Streptophyta","Magnoliopsida","Sapindales","Sapindaceae","Acer","MK329222.1",184,1,0,57497,57518,57680,57659,57497,57680
"223","487765","1797021174","Rosularia alpestris","Eukaryota","Viridiplantae","Streptophyta","Magnoliopsida","Saxifragales","Crassulaceae","Rosularia","MN794333.1",184,0,2,54752,54773,54935,54914,54752,54935
"224","497279","1675952044","Spermacoce prostrata","Eukaryota","Viridiplantae","Streptophyta","Magnoliopsida","Gentianales","Rubiaceae","Spermacoce","MH550005.1",184,0,2,16,37,199,178,16,199
"225","50189","1782774327","Torreya nucifera","Eukaryota","Viridiplantae","Streptophyta","Pinopsida","Cupressales","Taxaceae","Torreya","MK249060.1",184,0,2,54828,54849,55011,54990,54828,55011
"226","502135","1811401058","Ixeris polycephala","Eukaryota","Viridiplantae","Streptophyta","Magnoliopsida","Asterales","Asteraceae","Ixeris","MK358415.1",184,0,2,55071,55092,55254,55233,55071,55254
"227","552838","1817956713","Prunus triloba","Eukaryota","Viridiplantae","Streptophyta","Magnoliopsida","Rosales","Rosaceae","Prunus","MK790138.1",184,0,2,57253,57274,57436,57415,57253,57436
"228","56892","1550198170","Lagarostrobos franklinii","Eukaryota","Viridiplantae","Streptophyta","Pinopsida","Araucariales","Podocarpaceae","Lagarostrobos","AP018901.1",184,0,1,96812,96833,96995,96974,96812,96995
"229","574487","1818215426","Musa itinerans","Eukaryota","Viridiplantae","Streptophyta","Magnoliopsida","Zingiberales","Musaceae","Musa","MN087226.1",184,1,0,60039,60060,60222,60201,60039,60222
"230","57925","1804601001","Potentilla gordonii","Eukaryota","Viridiplantae","Streptophyta","Magnoliopsida","Rosales","Rosaceae","Potentilla","MK749353.1",184,0,2,4,25,187,166,4,187
"231","57931","1782796566","Potentilla norvegica","Eukaryota","Viridiplantae","Streptophyta","Magnoliopsida","Rosales","Rosaceae","Potentilla","MN601463.1",184,0,2,31,52,214,193,31,214
"232","58429","1809499032","Conostomium quadrangulare","Eukaryota","Viridiplantae","Streptophyta","Magnoliopsida","Gentianales","Rubiaceae","Conostomium","MN216482.1",184,0,2,16,37,199,178,16,199
"233","584531","1818033420","Eriocaulon cinereum","Eukaryota","Viridiplantae","Streptophyta","Magnoliopsida","Poales","Eriocaulaceae","Eriocaulon","MK465464.1",184,2,0,18,39,201,180,18,201
"234","586722","1815520109","Paulownia fortunei","Eukaryota","Viridiplantae","Streptophyta","Magnoliopsida","Lamiales","Paulowniaceae","Paulownia","MK618180.1",184,1,0,56423,56444,56606,56585,56423,56606
"235","60149","1691422773","Leptodermis potanini","Eukaryota","Viridiplantae","Streptophyta","Magnoliopsida","Gentianales","Rubiaceae","Leptodermis","MH324382.1",184,0,2,5,26,188,167,5,188
"236","60230","1675951979","Richardia scabra","Eukaryota","Viridiplantae","Streptophyta","Magnoliopsida","Gentianales","Rubiaceae","Richardia","MH549972.1",184,0,2,10,31,193,172,10,193
"237","60367","1715025073","Ernodea littoralis","Eukaryota","Viridiplantae","Streptophyta","Magnoliopsida","Gentianales","Rubiaceae","Ernodea","MH464331.1",184,0,2,19,40,202,181,19,202
"238","60378","1666021150","Leptostigma pilosum","Eukaryota","Viridiplantae","Streptophyta","Magnoliopsida","Gentianales","Rubiaceae","Leptostigma","MK141493.1",184,0,2,4,25,187,166,4,187
"239","648866","1819774533","Desmodium styracifolium","Eukaryota","Viridiplantae","Streptophyta","Magnoliopsida","Fabales","Fabaceae","Desmodium","MN913536.1",184,1,0,6635,6614,6452,6473,6452,6635
"240","649271","1782761337","Rosa odorata","Eukaryota","Viridiplantae","Streptophyta","Magnoliopsida","Rosales","Rosaceae","Rosa","MK116518.1",184,0,2,56686,56707,56869,56848,56686,56869
"241","667210","1804600959","Drymocallis lactea","Eukaryota","Viridiplantae","Streptophyta","Magnoliopsida","Rosales","Rosaceae","Drymocallis","MK749332.1",184,0,2,4,25,187,166,4,187
"242","691239","1797019786","Sorbus prattii","Eukaryota","Viridiplantae","Streptophyta","Magnoliopsida","Rosales","Rosaceae","Sorbus","MK814479.1",184,0,2,58500,58521,58683,58662,58500,58683
"243","70770","1815519935","Paulownia kawakamii","Eukaryota","Viridiplantae","Streptophyta","Magnoliopsida","Lamiales","Paulowniaceae","Paulownia","MK618178.1",184,1,0,55797,55818,55980,55959,55797,55980
"244","71610","1812092497","Hedychium coronarium","Eukaryota","Viridiplantae","Streptophyta","Magnoliopsida","Zingiberales","Zingiberaceae","Hedychium","NC_045863.1",184,1,0,59417,59438,59600,59579,59417,59600
"245","744034","1809265460","Fritillaria dajinensis","Eukaryota","Viridiplantae","Streptophyta","Magnoliopsida","Liliales","Liliaceae","Fritillaria","MK258146.1",184,0,2,52525,52546,52708,52687,52525,52708
"246","752802","1808995899","Ficus retusa","Eukaryota","Viridiplantae","Streptophyta","Magnoliopsida","Rosales","Moraceae","Ficus","MN102667.1",184,0,2,5,26,188,167,5,188
"247","77113","1818813755","Nuphar lutea","Eukaryota","Viridiplantae","Streptophyta","Magnoliopsida","Nymphaeales","Nymphaeaceae","Nuphar","MN384859.1",184,0,1,666,645,483,504,483,666
"248","77555","1811400881","Crepidiastrum lanceolatum","Eukaryota","Viridiplantae","Streptophyta","Magnoliopsida","Asterales","Asteraceae","Crepidiastrum","MK358413.1",184,0,2,54890,54911,55073,55052,54890,55073
"249","77563","1811400970","Crepidiastrum sonchifolium","Eukaryota","Viridiplantae","Streptophyta","Magnoliopsida","Asterales","Asteraceae","Crepidiastrum","MK358414.1",184,0,2,55338,55359,55521,55500,55338,55521
"250","77895","1468788110","Psychotria rubra","Eukaryota","Viridiplantae","Streptophyta","Magnoliopsida","Gentianales","Rubiaceae","Psychotria","MF623356.1",184,0,2,5,26,188,167,5,188
"251","78372","1815519674","Amorphophallus konjac","Eukaryota","Viridiplantae","Streptophyta","Magnoliopsida","Alismatales","Araceae","Amorphophallus","MK611803.1",184,0,2,60621,60642,60804,60783,60621,60804
"252","78380","1810664972","Epipremnum aureum","Eukaryota","Viridiplantae","Streptophyta","Magnoliopsida","Alismatales","Araceae","Epipremnum","MK286107.1",184,0,2,59540,59561,59723,59702,59540,59723
"253","796860","1810665814","Chrysopogon aciculatus","Eukaryota","Viridiplantae","Streptophyta","Magnoliopsida","Poales","Poaceae","Chrysopogon","MN974486.1",184,1,0,57144,57165,57327,57306,57144,57327
"254","80922","1797019970","Kalanchoe tomentosa","Eukaryota","Viridiplantae","Streptophyta","Magnoliopsida","Saxifragales","Crassulaceae","Kalanchoe","MN794319.1",184,0,2,54585,54606,54768,54747,54585,54768
"255","81762","1810946061","Hyacinthoides non-scripta","Eukaryota","Viridiplantae","Streptophyta","Magnoliopsida","Asparagales","Hyacinthaceae","Hyacinthoides","MN824434.1",184,1,0,55597,55618,55780,55759,55597,55780
"256","82331","1775898961","Lilium tsingtauense","Eukaryota","Viridiplantae","Streptophyta","Magnoliopsida","Liliales","Liliaceae","Lilium","MN609724.1",184,0,2,4,25,187,166,4,187
"257","83223","1809498912","Myrothamnus flabellifolia","Eukaryota","Viridiplantae","Streptophyta","Magnoliopsida","Gunnerales","Myrothamnaceae","Myrothamnus","MN216422.1",184,0,2,16,37,199,178,16,199
"258","859542","1805937389","Lilium speciosum","Eukaryota","Viridiplantae","Streptophyta","Magnoliopsida","Liliales","Liliaceae","Lilium","MN509267.1",184,0,2,53150,53171,53333,53312,53150,53333
"259","89039","1811401231","Youngia japonica","Eukaryota","Viridiplantae","Streptophyta","Magnoliopsida","Asterales","Asteraceae","Youngia","MK358417.1",184,0,2,55017,55038,55200,55179,55017,55200
"260","89482","1782774494","Torreya californica","Eukaryota","Viridiplantae","Streptophyta","Pinopsida","Cupressales","Taxaceae","Torreya","MK249062.1",184,0,2,54904,54925,55087,55066,54904,55087
"261","906698","1812095230","Dendrobium chrysocrepis","Eukaryota","Viridiplantae","Streptophyta","Magnoliopsida","Asparagales","Orchidaceae","Dendrobium","NC_045945.1",184,1,0,56584,56605,56767,56746,56584,56767
"262","909485","1569641342","Kohautia aspera","Eukaryota","Viridiplantae","Streptophyta","Magnoliopsida","Gentianales","Rubiaceae","Kohautia","MK285097.1",184,0,2,4,25,187,166,4,187
"263","91096","1797019884","Hylotelephium ewersii","Eukaryota","Viridiplantae","Streptophyta","Magnoliopsida","Saxifragales","Crassulaceae","Hylotelephium","MN794014.1",184,0,2,54764,54785,54947,54926,54764,54947
"264","91157","1797021260","Sinocrassula indica","Eukaryota","Viridiplantae","Streptophyta","Magnoliopsida","Saxifragales","Crassulaceae","Sinocrassula","MN794334.1",184,0,2,54590,54611,54773,54752,54590,54773
"265","91168","1797021346","Umbilicus rupestris","Eukaryota","Viridiplantae","Streptophyta","Magnoliopsida","Saxifragales","Crassulaceae","Umbilicus","MN794335.1",184,0,2,54443,54464,54626,54605,54443,54626
"266","97736","1820515155","Cautleya gracilis","Eukaryota","Viridiplantae","Streptophyta","Magnoliopsida","Zingiberales","Zingiberaceae","Cautleya","MN539264.1",184,1,0,59594,59615,59777,59756,59594,59777
"267","992811","1809499042","Ximenia caffra","Eukaryota","Viridiplantae","Streptophyta","Magnoliopsida","Santalales","Ximeniaceae","Ximenia","MN216487.1",184,0,2,16,37,199,178,16,199
"268","99446","1810665049","Semiliquidambar cathayensis","Eukaryota","Viridiplantae","Streptophyta","Magnoliopsida","Saxifragales","Hamamelidaceae","Semiliquidambar","MN837678.1",184,0,2,59472,59493,59655,59634,59472,59655
