"job_name";"primaryAccession";"seqent_id";"path";"organismName";"length";"startPosition";"stopPosition";"forwardMismatch";"forwardMismatchWeight";"forwardAlignmentPosition";"forwardEcoliPosition";"forwardMatchDirection";"forwardSequenceMatch";"reverseMismatch";"reverseMismatchWeight";"reverseAlignmentPosition";"reverseEcoliPosition";"reverseMatchDirection";"reverseSequenceMatch"
"Euk_18S_14";"AB189982";"49447";"'Eukaryota;Amorphea;Obazoa;Opisthokonta;Holozoa;Choanozoa;Metazoa;Animalia;BCP clade;Bilateria;Protostomia;Lophotrochozoa;Platyhelminthes;Trematoda;Digenea;Echinostomida;'";"Isthmiophora hortensis";"1981";"1";"1981";"0";"0";"1020";"15";"fwd";"..CUGGUUG-========================-UCUCAGAGA";"0";"0";"13151";"527";"rev";"CAGCAGCCG-=========================-UAUUAAAGU"
"Euk_18S_14";"AF012514";"393649";"'Eukaryota;Amorphea;Obazoa;Opisthokonta;Holozoa;Choanozoa;Metazoa;Animalia;BCP clade;Bilateria;Protostomia;Ecdysozoa;Arthropoda;Hexapoda;Insecta;Pterygota;Neoptera;Coleoptera;'";"Elaphrus californicus";"2000";"1";"2000";"0";"0";"1020";"15";"fwd";".CCUGGUUG-========================-UCUCAAAGA";"0";"0";"13151";"527";"rev";"CAGCAGCCG-=========================-UAUUAAAGU"
"Euk_18S_14";"AF083031";"400733";"'Eukaryota;Cryptophyceae;Cryptomonadales;Guillardia;'";"Guillardia theta";"2040";"6175";"8214";"0";"0";"1020";"15";"fwd";".CCUGGUUG-========================-UCUUAAGGA";"0";"0";"13151";"527";"rev";"CAGCAGCCG-=========================-UACUAAAGU"
"Euk_18S_14";"AF083031";"400733";"'Eukaryota;Cryptophyceae;Cryptomonadales;Guillardia;'";"Guillardia theta";"2040";"165920";"167959";"0";"0";"1020";"15";"fwd";".CCUGGUUG-========================-UCUUAAGGA";"0";"0";"13151";"527";"rev";"CAGCAGCCG-=========================-UACUAAAGU"
"Euk_18S_14";"AF124456";"404991";"'Eukaryota;Amorphea;Obazoa;Opisthokonta;Holozoa;Choanozoa;Metazoa;Animalia;BCP clade;Bilateria;Protostomia;Lophotrochozoa;Platyhelminthes;Cestoda;Eucestoda;Spathebothriidea;'";"Spathebothrium simplex";"2139";"1";"2139";"0";"0";"1020";"15";"fwd";".CCUGGUUG-========================-UCUCAAAGA";"0";"0";"13151";"527";"rev";"CAGCAGCCG-=========================-UAUUAAAGU"
"Euk_18S_14";"AF124457";"404993";"'Eukaryota;Amorphea;Obazoa;Opisthokonta;Holozoa;Choanozoa;Metazoa;Animalia;BCP clade;Bilateria;Protostomia;Lophotrochozoa;Platyhelminthes;Cestoda;Eucestoda;Caryophyllidea;'";"Hunterella nodulosa";"2168";"1";"2168";"0";"0";"1020";"15";"fwd";"..CUGGUUG-========================-UCUCAAAGA";"0";"0";"13151";"527";"rev";"CAGCAGCCG-=========================-UAUUAAAGU"
"Euk_18S_14";"AF124458";"404995";"'Eukaryota;Amorphea;Obazoa;Opisthokonta;Holozoa;Choanozoa;Metazoa;Animalia;BCP clade;Bilateria;Protostomia;Lophotrochozoa;Platyhelminthes;Cestoda;Eucestoda;'";"Haplobothrium globuliforme";"2046";"1";"2046";"0";"0";"1020";"15";"fwd";"........G-========================-UCUCAAAGU";"0";"0";"13151";"527";"rev";"CAGCAGCCG-=========================-UAUUAAAGU"
"Euk_18S_14";"AF124461";"405001";"'Eukaryota;Amorphea;Obazoa;Opisthokonta;Holozoa;Choanozoa;Metazoa;Animalia;BCP clade;Bilateria;Protostomia;Lophotrochozoa;Platyhelminthes;Cestoda;Eucestoda;Trypanorhyncha;'";"Tentacularia coryphaenae";"2063";"1";"2063";"0";"0";"1020";"15";"fwd";"....GGUUG-========================-UCUCAAAGA";"0";"0";"13151";"527";"rev";"CAGCAGCCG-=========================-UAUUAAAGU"
"Euk_18S_14";"AF124462";"405003";"'Eukaryota;Amorphea;Obazoa;Opisthokonta;Holozoa;Choanozoa;Metazoa;Animalia;BCP clade;Bilateria;Protostomia;Lophotrochozoa;Platyhelminthes;Cestoda;Eucestoda;Trypanorhyncha;'";"Hepatoxylon sp.";"2098";"1";"2098";"0";"0";"1020";"15";"fwd";"..CUGGUUG-========================-UCUCAAAGA";"0";"0";"13151";"527";"rev";"CAGUAGCCG-=========================-UAUUAAAGU"
"Euk_18S_14";"AF124463";"405005";"'Eukaryota;Amorphea;Obazoa;Opisthokonta;Holozoa;Choanozoa;Metazoa;Animalia;BCP clade;Bilateria;Protostomia;Lophotrochozoa;Platyhelminthes;Cestoda;Eucestoda;Diphyllidea;'";"Macrobothridium sp.";"2085";"1";"2085";"0";"0";"1020";"15";"fwd";".CCUGGUUG-========================-UCUCAAAGA";"0";"0";"13151";"527";"rev";"CAGCAGCCG-=========================-UAUUAAAGU"
"Euk_18S_14";"AF124465";"405007";"'Eukaryota;Amorphea;Obazoa;Opisthokonta;Holozoa;Choanozoa;Metazoa;Animalia;BCP clade;Bilateria;Protostomia;Lophotrochozoa;Platyhelminthes;Cestoda;Eucestoda;Eucestoda Incertae Sedis;'";"Eniochobothrium gracile";"2189";"1";"2189";"0";"0";"1020";"15";"fwd";".CCUGGUUG-========================-UCUCAAAGA";"0";"0";"13151";"527";"rev";"CAGCAGCCG-=========================-UAUUAAAGU"
"Euk_18S_14";"AF124466";"405009";"'Eukaryota;Amorphea;Obazoa;Opisthokonta;Holozoa;Choanozoa;Metazoa;Animalia;BCP clade;Bilateria;Protostomia;Lophotrochozoa;Platyhelminthes;Cestoda;Eucestoda;Lecanicephalidea;'";"Cephalobothrium aetobatidis";"2101";"1";"2101";"0";"0";"1020";"15";"fwd";"...UGGUUG-========================-UCUCAAAGA";"0";"0";"13151";"527";"rev";"CAGCAGCCG-=========================-UAUUAAAGU"
"Euk_18S_14";"AF124469";"405015";"'Eukaryota;Amorphea;Obazoa;Opisthokonta;Holozoa;Choanozoa;Metazoa;Animalia;BCP clade;Bilateria;Protostomia;Lophotrochozoa;Platyhelminthes;Cestoda;Eucestoda;Tetraphyllidea;'";"Calliobothrium sp.";"2101";"1";"2101";"0";"0";"1020";"15";"fwd";".CCUGGUUG-========================-UCUCAAAGA";"0";"0";"13151";"527";"rev";"CAGCAGCCG-=========================-UAUUAAAGU"
"Euk_18S_14";"AF124470";"405017";"'Eukaryota;Amorphea;Obazoa;Opisthokonta;Holozoa;Choanozoa;Metazoa;Animalia;BCP clade;Bilateria;Protostomia;Lophotrochozoa;Platyhelminthes;Cestoda;Eucestoda;Tetraphyllidea;'";"Platybothrium auriculatum";"2025";"1";"2025";"0";"0";"1020";"15";"fwd";"....GGUUG-========================-UCUCAAAGA";"0";"0";"13151";"527";"rev";"CAGCAGCCG-=========================-UAUUAAAGU"
"Euk_18S_14";"AF124471";"405019";"'Eukaryota;Amorphea;Obazoa;Opisthokonta;Holozoa;Choanozoa;Metazoa;Animalia;BCP clade;Bilateria;Protostomia;Lophotrochozoa;Platyhelminthes;Cestoda;Eucestoda;Tetraphyllidea;'";"Anthobothrium laciniatum";"2064";"1";"2064";"0";"0";"1020";"15";"fwd";"...UGGUUG-========================-UCUCAAAGA";"0";"0";"13151";"527";"rev";"CAGCAGCCG-=========================-UAUUAAAGU"
"Euk_18S_14";"AF124472";"405021";"'Eukaryota;Amorphea;Obazoa;Opisthokonta;Holozoa;Choanozoa;Metazoa;Animalia;BCP clade;Bilateria;Protostomia;Lophotrochozoa;Platyhelminthes;Cestoda;Eucestoda;Proteocephalidea;'";"Proteocephalus perplexus";"2037";"1";"2037";"0";"0";"1020";"15";"fwd";"...UGGUUG-========================-UCUCAAAGA";"0";"0";"13151";"527";"rev";"CAGCAGCCG-=========================-UAUUAAAGU"
"Euk_18S_14";"AF124474";"405025";"'Eukaryota;Amorphea;Obazoa;Opisthokonta;Holozoa;Choanozoa;Metazoa;Animalia;BCP clade;Bilateria;Protostomia;Lophotrochozoa;Platyhelminthes;Cestoda;Eucestoda;Nippotaeniidea;'";"Amurotaenia decidua";"2096";"1";"2096";"0";"0";"1020";"15";"fwd";".CCUGGUUG-========================-UCUCAAAGA";"0";"0";"13151";"527";"rev";"CAGCAGCCG-=========================-UAUUAAAGU"
"Euk_18S_14";"AF124476";"405029";"'Eukaryota;Amorphea;Obazoa;Opisthokonta;Holozoa;Choanozoa;Metazoa;Animalia;BCP clade;Bilateria;Protostomia;Lophotrochozoa;Platyhelminthes;Cestoda;Eucestoda;Rhinebothriidea;'";"Rhinebothrium maccallumi";"2091";"1";"2091";"0";"0";"1020";"15";"fwd";".CCUGGUUG-========================-UCUCAAAGA";"0";"0";"13151";"527";"rev";"CAGCAGCCG-=========================-UAUUAAAGU"
"Euk_18S_14";"AF165818";"411323";"'Eukaryota;Cryptophyceae;Cryptomonadales;Guillardia;'";"Guillardia theta";"2040";"6175";"8214";"0";"0";"1020";"15";"fwd";".CCUGGUUG-========================-UCUUAAGGA";"0";"0";"13151";"527";"rev";"CAGCAGCCG-=========================-UACUAAAGU"
"Euk_18S_14";"AF165818";"411323";"'Eukaryota;Cryptophyceae;Cryptomonadales;Guillardia;'";"Guillardia theta";"2040";"188003";"190042";"0";"0";"1020";"15";"fwd";".CCUGGUUG-========================-UCUUAAGGA";"0";"0";"13151";"527";"rev";"CAGCAGCCG-=========================-UACUAAAGU"
"Euk_18S_14";"AF286977";"425891";"'Eukaryota;Amorphea;Obazoa;Opisthokonta;Holozoa;Choanozoa;Metazoa;Animalia;BCP clade;Bilateria;Protostomia;Lophotrochozoa;Platyhelminthes;Cestoda;Eucestoda;Caryophyllidea;'";"Balanotaenia bancrofti";"2040";"1";"2040";"0";"0";"1020";"15";"fwd";"......GUG-========================-UCUCAAAGA";"0";"0";"13151";"527";"rev";"CAGCAGCCG-=========================-UAUUAAAGU"
"Euk_18S_14";"AF286980";"425897";"'Eukaryota;Amorphea;Obazoa;Opisthokonta;Holozoa;Choanozoa;Metazoa;Animalia;BCP clade;Bilateria;Protostomia;Lophotrochozoa;Platyhelminthes;Cestoda;Eucestoda;Cyclophyllidea;'";"Raillietina australis";"2238";"1";"2238";"0";"0";"1020";"15";"fwd";"....GGUUG-========================-UCUCAAAGA";"0";"0";"13151";"527";"rev";"CAGCAGCCG-=========================-UAUUAAAGU"
"Euk_18S_14";"AF286981";"425899";"'Eukaryota;Amorphea;Obazoa;Opisthokonta;Holozoa;Choanozoa;Metazoa;Animalia;BCP clade;Bilateria;Protostomia;Lophotrochozoa;Platyhelminthes;Cestoda;Eucestoda;Cyclophyllidea;'";"Dilepis undula";"2091";"1";"2091";"0";"0";"1020";"15";"fwd";".....GUUG-========================-UCUCAAAGA";"0";"0";"13151";"527";"rev";"CAGCAGCCG-=========================-UAUUAAAGU"
"Euk_18S_14";"AF286982";"425901";"'Eukaryota;Amorphea;Obazoa;Opisthokonta;Holozoa;Choanozoa;Metazoa;Animalia;BCP clade;Bilateria;Protostomia;Lophotrochozoa;Platyhelminthes;Cestoda;Eucestoda;Cyclophyllidea;'";"Fimbriaria sp. OLBM1";"2137";"1";"2137";"0";"0";"1020";"15";"fwd";"......GUG-========================-UCUCAAAGA";"0";"0";"13151";"527";"rev";"CAGCAGCCG-=========================-UAUUAAAGU"
"Euk_18S_14";"AF286983";"425903";"'Eukaryota;Amorphea;Obazoa;Opisthokonta;Holozoa;Choanozoa;Metazoa;Animalia;BCP clade;Bilateria;Protostomia;Lophotrochozoa;Platyhelminthes;Cestoda;Eucestoda;Cyclophyllidea;'";"Hymenolepis diminuta";"2148";"1";"2148";"0";"0";"1020";"15";"fwd";".......UG-========================-UCUCAAAGA";"0";"0";"13151";"527";"rev";"CAGCAGCCG-=========================-UAUUAAAGU"
"Euk_18S_14";"AF286984";"425905";"'Eukaryota;Amorphea;Obazoa;Opisthokonta;Holozoa;Choanozoa;Metazoa;Animalia;BCP clade;Bilateria;Protostomia;Lophotrochozoa;Platyhelminthes;Cestoda;Eucestoda;Cyclophyllidea;'";"Mesocestoides corti";"2294";"1";"2294";"0";"0";"1020";"15";"fwd";"......GUG-========================-UCUCAAAGA";"0";"0";"13151";"527";"rev";"CAGCAGCCG-=========================-UAUUAAAGU"
"Euk_18S_14";"AF286986";"425909";"'Eukaryota;Amorphea;Obazoa;Opisthokonta;Holozoa;Choanozoa;Metazoa;Animalia;BCP clade;Bilateria;Protostomia;Lophotrochozoa;Platyhelminthes;Cestoda;Eucestoda;Diphyllidea;'";"Echinobothrium chisholmae";"2009";"1";"2009";"0";"0";"1020";"15";"fwd";".........-========================-UCUCAAAGA";"0";"0";"13151";"527";"rev";"CAGCAGCCG-=========================-UAUUAAAGU"
"Euk_18S_14";"AF286987";"425911";"'Eukaryota;Amorphea;Obazoa;Opisthokonta;Holozoa;Choanozoa;Metazoa;Animalia;BCP clade;Bilateria;Protostomia;Lophotrochozoa;Platyhelminthes;Cestoda;Eucestoda;Nippotaeniidea;'";"Nippotaenia chaenogobii";"1989";"1";"1989";"0";"0";"1020";"15";"fwd";".........-========================-UCUCAAAGA";"0";"0";"13151";"527";"rev";"CAGCAGCCG-=========================-UAUUAAAGU"
"Euk_18S_14";"AF286990";"425917";"'Eukaryota;Amorphea;Obazoa;Opisthokonta;Holozoa;Choanozoa;Metazoa;Animalia;BCP clade;Bilateria;Protostomia;Lophotrochozoa;Platyhelminthes;Cestoda;Eucestoda;Proteocephalidea;'";"Rudolphiella sp. OLBM1";"2082";"1";"2082";"0";"0";"1020";"15";"fwd";"......GUG-========================-UCUCAAAGA";"0";"0";"13151";"527";"rev";"CAGCAGCCG-=========================-UAUUAAAGU"
"Euk_18S_14";"AF286995";"425927";"'Eukaryota;Amorphea;Obazoa;Opisthokonta;Holozoa;Choanozoa;Metazoa;Animalia;BCP clade;Bilateria;Protostomia;Lophotrochozoa;Platyhelminthes;Cestoda;Eucestoda;Tetraphyllidea;'";"Prosobothrium armigerum";"2026";"1";"2026";"0";"0";"1020";"15";"fwd";".....GUUG-========================-UCUCAAAGA";"0";"0";"13151";"527";"rev";"CAGCAGCCG-=========================-UAUUAAAGU"
"Euk_18S_14";"AF286996";"425929";"'Eukaryota;Amorphea;Obazoa;Opisthokonta;Holozoa;Choanozoa;Metazoa;Animalia;BCP clade;Bilateria;Protostomia;Lophotrochozoa;Platyhelminthes;Cestoda;Eucestoda;Tetraphyllidea;'";"Clistobothrium montaukensis";"2070";"1";"2070";"0";"0";"1020";"15";"fwd";"......GUG-========================-UCUCAAAGA";"0";"0";"13151";"527";"rev";"CAGCAGCCG-=========================-UAUUAAAGU"
"Euk_18S_14";"AF286998";"425933";"'Eukaryota;Amorphea;Obazoa;Opisthokonta;Holozoa;Choanozoa;Metazoa;Animalia;BCP clade;Bilateria;Protostomia;Lophotrochozoa;Platyhelminthes;Cestoda;Eucestoda;Tetraphyllidea;'";"Marsupiobothrium sp. OLBM1";"2015";"1";"2015";"0";"0";"1020";"15";"fwd";".....GUUG-========================-UCUCAAAGA";"0";"0";"13151";"527";"rev";"CAGCAGCCG-=========================-UAUUAAAGU"
"Euk_18S_14";"AF287001";"425939";"'Eukaryota;Amorphea;Obazoa;Opisthokonta;Holozoa;Choanozoa;Metazoa;Animalia;BCP clade;Bilateria;Protostomia;Lophotrochozoa;Platyhelminthes;Cestoda;Eucestoda;Tetraphyllidea;'";"Thysanocephalum sp. OLBM1";"2046";"1";"2046";"0";"0";"1020";"15";"fwd";".......UG-========================-UCUCAAAGA";"0";"0";"13151";"527";"rev";"CAGCAGCCG-=========================-UAUUAAAGU"
"Euk_18S_14";"AFJA01007718";"478183";"'Eukaryota;Amorphea;Obazoa;Opisthokonta;Holozoa;Choanozoa;Metazoa;Animalia;BCP clade;Bilateria;Protostomia;Ecdysozoa;Arthropoda;Hexapoda;Insecta;Pterygota;Neoptera;Hymenoptera;'";"Megachile rotundata (alfalfa leafcutting bee)";"1923";"1904";"3826";"0";"0";"1020";"15";"fwd";".CCUGGUUG-========================-UCUCAAAGA";"0";"0";"13151";"527";"rev";"CAGCAGCCG-=========================-UAUUAAAGU"
"Euk_18S_14";"AFJA01011387";"478187";"'Eukaryota;Amorphea;Obazoa;Opisthokonta;Holozoa;Choanozoa;Metazoa;Animalia;BCP clade;Bilateria;Protostomia;Ecdysozoa;Arthropoda;Hexapoda;Insecta;Pterygota;Neoptera;Hymenoptera;'";"Megachile rotundata (alfalfa leafcutting bee)";"1949";"1365";"3313";"0";"0";"1020";"15";"fwd";".CCUGGUUG-========================-UCUCAAAGA";"0";"0";"13151";"527";"rev";"CAGCAGCCG-=========================-UAUUAAAGU"
"Euk_18S_14";"AJ001831";"491483";"'Eukaryota;Amorphea;Obazoa;Opisthokonta;Holozoa;Choanozoa;Metazoa;Animalia;BCP clade;Bilateria;Protostomia;Lophotrochozoa;Platyhelminthes;Trematoda;Digenea;Plagiorchiida;'";"Digenea gen. sp.";"1962";"1";"1962";"0";"0";"1020";"15";"fwd";".CCUGGUUG-========================-UCUCAGAGA";"0";"0";"13151";"527";"rev";"CAGCAGCCG-=========================-UAUUAAAGU"
"Euk_18S_14";"AJ010592";"492817";"'Eukaryota;Cryptophyceae;Cryptomonadales;Guillardia;'";"Guillardia theta";"2040";"6175";"8214";"0";"0";"1020";"15";"fwd";".CCUGGUUG-========================-UCUUAAGGA";"0";"0";"13151";"527";"rev";"CAGCAGCCG-=========================-UACUAAAGU"
"Euk_18S_14";"AJ010592";"492817";"'Eukaryota;Cryptophyceae;Cryptomonadales;Guillardia;'";"Guillardia theta";"2040";"172702";"174741";"0";"0";"1020";"15";"fwd";".CCUGGUUG-========================-UCUUAAGGA";"0";"0";"13151";"527";"rev";"CAGCAGCCG-=========================-UACUAAAGU"
"Euk_18S_14";"AJ287487";"500695";"'Eukaryota;Amorphea;Obazoa;Opisthokonta;Holozoa;Choanozoa;Metazoa;Animalia;BCP clade;Bilateria;Protostomia;Lophotrochozoa;Platyhelminthes;Cestoda;Eucestoda;Trypanorhyncha;'";"Callitetrarhynchus gracilis";"2074";"1";"2074";"0";"0";"1020";"15";"fwd";".CCUGGUUG-========================-UCUCAAAGA";"0";"0";"13151";"527";"rev";"CAGCAGCCG-=========================-UAUUAAAGU"
"Euk_18S_14";"AJ287496";"500713";"'Eukaryota;Amorphea;Obazoa;Opisthokonta;Holozoa;Choanozoa;Metazoa;Animalia;BCP clade;Bilateria;Protostomia;Lophotrochozoa;Platyhelminthes;Cestoda;Eucestoda;Trypanorhyncha;'";"Pseudogilquinia pillersi";"2087";"1";"2087";"0";"0";"1020";"15";"fwd";".CCUGGUUG-========================-UCUCAAAGA";"0";"0";"13151";"527";"rev";"CAGCAGCCG-=========================-UAUUAAAGU"
"Euk_18S_14";"AJ287519";"500753";"'Eukaryota;Amorphea;Obazoa;Opisthokonta;Holozoa;Choanozoa;Metazoa;Animalia;BCP clade;Bilateria;Protostomia;Lophotrochozoa;Platyhelminthes;Cestoda;Eucestoda;Trypanorhyncha;'";"Pseudolacistorhynchus heroniensis";"2090";"1";"2090";"0";"0";"1020";"15";"fwd";"...UGGUUG-========================-UCUCAAAGA";"0";"0";"13151";"527";"rev";"CAGCAGCCG-=========================-UAUUAAAGU"
"Euk_18S_14";"AJ287525";"500765";"'Eukaryota;Amorphea;Obazoa;Opisthokonta;Holozoa;Choanozoa;Metazoa;Animalia;BCP clade;Bilateria;Protostomia;Lophotrochozoa;Platyhelminthes;Cestoda;Eucestoda;Cyclophyllidea;'";"Hymenolepis microstoma";"2140";"1";"2140";"0";"0";"1020";"15";"fwd";".........-========================-UCUCAAAGA";"0";"0";"13151";"527";"rev";"CAGCAGCCG-=========================-UAUUAAAGU"
"Euk_18S_14";"AJ287545";"500805";"'Eukaryota;Amorphea;Obazoa;Opisthokonta;Holozoa;Choanozoa;Metazoa;Animalia;BCP clade;Bilateria;Protostomia;Lophotrochozoa;Platyhelminthes;Cestoda;Eucestoda;Nippotaeniidea;'";"Nippotaenia mogurndae";"2028";"1";"2028";"0";"0";"1020";"15";"fwd";".ACUGGUUG-========================-UCUCAAAGA";"0";"0";"13151";"527";"rev";"CAGCAGCCG-=========================-UAUUAAAGU"
"Euk_18S_14";"AJ287576";"500863";"'Eukaryota;Amorphea;Obazoa;Opisthokonta;Holozoa;Choanozoa;Metazoa;Animalia;BCP clade;Bilateria;Protostomia;Lophotrochozoa;Platyhelminthes;Cestoda;Eucestoda;Trypanorhyncha;'";"Sphyriocephalus sp. DTJL-2000";"2171";"1";"2171";"0";"0";"1020";"15";"fwd";".NCUGGUUG-========================-UCUCAAAGA";"0";"0";"13151";"527";"rev";"CAGCAGCCG-=========================-UAUUAAAGU"
"Euk_18S_14";"ANKR01250841";"652891";"'Eukaryota;Amorphea;Obazoa;Opisthokonta;Holozoa;Choanozoa;Metazoa;Animalia;BCP clade;Bilateria;Protostomia;Lophotrochozoa;Platyhelminthes;Trematoda;Digenea;Plagiorchiida;'";"Myotis brandtii";"1300";"1099";"2398";"0";"0";"1020";"15";"fwd";".UCUGGUUG-========================-UCUCAGAGA";"0";"0";"13151";"527";"rev";"CAGCAGCCG-=========================-UAUUAAAGU"
"Euk_18S_14";"AOTI010059551";"657057";"'Eukaryota;Amorphea;Obazoa;Opisthokonta;Holozoa;Choanozoa;Metazoa;Animalia;BCP clade;Bilateria;Protostomia;Ecdysozoa;Arthropoda;Chelicerata;Arachnida;Araneae;'";"Triticum urartu";"1801";"6389";"8189";"0";"0";"1020";"15";"fwd";".CCUGGUUG-========================-UCUCAAAGA";"0";"0";"13151";"527";"rev";"CAGCCGCCG-=========================-UAUUAAAGU"
"Euk_18S_14";"AY037170";"685789";"'Eukaryota;Amorphea;Obazoa;Opisthokonta;Holozoa;Choanozoa;Metazoa;Animalia;BCP clade;Bilateria;Protostomia;Ecdysozoa;Arthropoda;Hexapoda;Ellipura;Protura;'";"Neocondeellum dolichotarsum";"1975";"1";"1975";"0";"0";"1020";"15";"fwd";".CCUGGUUG-========================-UCUCAAAGA";"0";"0";"13151";"527";"rev";"CAGCAGCCG-=========================-UAUUAAUAU"
"Euk_18S_14";"AY180005";"707129";"'Eukaryota;SAR;Rhizaria;Cercozoa;Granofilosea;Massisteria;'";"uncultured eukaryote";"1842";"1";"1842";"0";"0";"1020";"15";"fwd";".CCUGGUUG-========================-UCUCAAAGA";"0";"0";"13151";"527";"rev";"CAGCAGCCG-=========================-UAUUAAAGU"
"Euk_18S_14";"AY193875";"711085";"'Eukaryota;Amorphea;Obazoa;Opisthokonta;Holozoa;Choanozoa;Metazoa;Animalia;BCP clade;Bilateria;Protostomia;Lophotrochozoa;Platyhelminthes;Cestoda;Eucestoda;Cyclophyllidea;'";"Hymenolepis nana";"2244";"1";"2244";"0";"0";"1020";"15";"fwd";".ACCUGUUG-========================-UCUCAAAGA";"0";"0";"13151";"527";"rev";"CAGCAGCCG-=========================-UAUUAAAGU"
"Euk_18S_14";"AY222082";"716473";"'Eukaryota;Amorphea;Obazoa;Opisthokonta;Holozoa;Choanozoa;Metazoa;Animalia;BCP clade;Bilateria;Protostomia;Lophotrochozoa;Platyhelminthes;Trematoda;Aspidogastrea;Aspidogastridae;'";"Cotylogaster basiri";"1960";"1";"1960";"0";"0";"1020";"15";"fwd";"......GUG-========================-UCUCAGAGA";"0";"0";"13151";"527";"rev";"CAGCAGCCG-=========================-UAUUAAAGU"
"Euk_18S_14";"AY222088";"716485";"'Eukaryota;Amorphea;Obazoa;Opisthokonta;Holozoa;Choanozoa;Metazoa;Animalia;BCP clade;Bilateria;Protostomia;Lophotrochozoa;Platyhelminthes;Trematoda;Digenea;Diplostomida;Brachylaimoidea;'";"Zeylanurotrema spearei";"1950";"1";"1950";"0";"0";"1020";"15";"fwd";".CUGGGUUG-========================-UCUCAGAGA";"0";"0";"13151";"527";"rev";"CAGCAGCCG-=========================-UAUUAAAGU"
"Euk_18S_14";"AY222097";"716503";"'Eukaryota;Amorphea;Obazoa;Opisthokonta;Holozoa;Choanozoa;Metazoa;Animalia;BCP clade;Bilateria;Protostomia;Lophotrochozoa;Platyhelminthes;Trematoda;Digenea;Strigeidida;'";"Neoparacardicola nasonis";"1957";"1";"1957";"0";"0";"1020";"15";"fwd";".ACUGGUUG-========================-UCUCAGAGA";"0";"0";"13151";"527";"rev";"CAGCAGCCG-=========================-UAUUAAAGU"
"Euk_18S_14";"AY222110";"716529";"'Eukaryota;Amorphea;Obazoa;Opisthokonta;Holozoa;Choanozoa;Metazoa;Animalia;BCP clade;Bilateria;Protostomia;Lophotrochozoa;Platyhelminthes;Trematoda;Digenea;Plagiorchiida;'";"Indosolenorchis hirudinaceus";"1909";"1";"1909";"0";"0";"1020";"15";"fwd";"......GUG-========================-UCUCAGAGA";"0";"0";"13151";"527";"rev";"CAGCAGCCG-=========================-UAUUAAAGU"
"Euk_18S_14";"AY222112";"716533";"'Eukaryota;Amorphea;Obazoa;Opisthokonta;Holozoa;Choanozoa;Metazoa;Animalia;BCP clade;Bilateria;Protostomia;Lophotrochozoa;Platyhelminthes;Trematoda;Digenea;Echinostomida;'";"Taprobanella bicaudata";"1926";"1";"1926";"0";"0";"1020";"15";"fwd";"......GUG-========================-UCUCAGAGA";"0";"0";"13151";"527";"rev";"CAGCAGCCG-=========================-UAUUAAAGU"
"Euk_18S_14";"AY222116";"716541";"'Eukaryota;Amorphea;Obazoa;Opisthokonta;Holozoa;Choanozoa;Metazoa;Animalia;BCP clade;Bilateria;Protostomia;Lophotrochozoa;Platyhelminthes;Trematoda;Digenea;Echinostomida;'";"Lankatrema mannarense";"1926";"1";"1926";"0";"0";"1020";"15";"fwd";".ACUGGUUG-========================-UCUCAGAGA";"0";"0";"13151";"527";"rev";"CAGCAGCCG-=========================-UAUUAAAGU"
"Euk_18S_14";"AY222124";"716557";"'Eukaryota;Amorphea;Obazoa;Opisthokonta;Holozoa;Choanozoa;Metazoa;Animalia;BCP clade;Bilateria;Protostomia;Lophotrochozoa;Platyhelminthes;Trematoda;Digenea;Plagiorchiida;'";"Enenterum aureum";"1933";"1";"1933";"0";"0";"1020";"15";"fwd";"..ACUGUUG-========================-UCUCAGAGA";"0";"0";"13151";"527";"rev";"CAGCAGCCG-=========================-UAUUAAAGU"
"Euk_18S_14";"AY222143";"716595";"'Eukaryota;Amorphea;Obazoa;Opisthokonta;Holozoa;Choanozoa;Metazoa;Animalia;BCP clade;Bilateria;Protostomia;Lophotrochozoa;Platyhelminthes;Trematoda;Digenea;Plagiorchiida;'";"Lyperosomum collurionis";"1945";"1";"1945";"0";"0";"1020";"15";"fwd";".ACUGGUUG-========================-UCUCAGAGA";"0";"0";"13151";"527";"rev";"CAGCAGCCG-=========================-UAUUAAAGU"
"Euk_18S_14";"AY222144";"716597";"'Eukaryota;Amorphea;Obazoa;Opisthokonta;Holozoa;Choanozoa;Metazoa;Animalia;BCP clade;Bilateria;Protostomia;Lophotrochozoa;Platyhelminthes;Trematoda;Digenea;Plagiorchiida;'";"Brachylecithum lobatum";"1945";"1";"1945";"0";"0";"1020";"15";"fwd";".ACUGGUUG-========================-UCUCAGAGA";"0";"0";"13151";"527";"rev";"CAGCAGCCG-=========================-UAUUAAAGU"
"Euk_18S_14";"AY324853";"735027";"'Eukaryota;Amorphea;Obazoa;Opisthokonta;Holozoa;Choanozoa;Metazoa;Animalia;BCP clade;Bilateria;Protostomia;Ecdysozoa;Arthropoda;Hexapoda;Insecta;Pterygota;Neoptera;Hemiptera;'";"Henestaris oschanini";"1923";"1";"1923";"0";"0";"1020";"15";"fwd";".CCUGGUGG-========================-UCUCAAAGC";"0";"0";"13151";"527";"rev";"CAGCAGCCG-=========================-UAUUAAAGU"
"Euk_18S_14";"AY525634";"773973";"'Eukaryota;Amorphea;Obazoa;Opisthokonta;Holozoa;Choanozoa;Metazoa;Animalia;BCP clade;Bilateria;Protostomia;Lophotrochozoa;Platyhelminthes;Trematoda;Digenea;Plagiorchiida;'";"Zoogonoides viviparus";"1953";"1";"1953";"0";"0";"1020";"15";"fwd";".CCUGGUUG-========================-UCUCAGAGA";"0";"0";"13151";"527";"rev";"CAGCAGCCG-=========================-UAUUAAAGU"
"Euk_18S_14";"AY775737";"832427";"'Eukaryota;Amorphea;Obazoa;Opisthokonta;Holozoa;Choanozoa;Metazoa;Animalia;BCP clade;Bilateria;Protostomia;Lophotrochozoa;Platyhelminthes;Rhabditophora;Rhabdocoela;Kalyptorhynchia;'";"Acrorhynchides robustus";"1800";"1";"1800";"0";"0";"1020";"15";"fwd";"..CUGGUUG-========================-UCUCAAAGA";"0";"0";"13151";"527";"rev";"CAGCAGCCG-=========================-UAUUAAAGU"
"Euk_18S_14";"AY775738";"832429";"'Eukaryota;Amorphea;Obazoa;Opisthokonta;Holozoa;Choanozoa;Metazoa;Animalia;BCP clade;Bilateria;Protostomia;Lophotrochozoa;Platyhelminthes;Rhabditophora;Rhabdocoela;Kalyptorhynchia;'";"Stradorhynchus sp. WW-2004";"1807";"1";"1807";"0";"0";"1020";"15";"fwd";".CUGGUUUG-========================-UCUCAAAGA";"0";"0";"13151";"527";"rev";"CAGCAGCCG-=========================-UAUUAAAGU"
"Euk_18S_14";"AY775740";"832433";"'Eukaryota;Amorphea;Obazoa;Opisthokonta;Holozoa;Choanozoa;Metazoa;Animalia;BCP clade;Bilateria;Protostomia;Lophotrochozoa;Platyhelminthes;Rhabditophora;Rhabdocoela;Kalyptorhynchia;'";"Karkinorhynchus bruneti";"1801";"1";"1801";"0";"0";"1020";"15";"fwd";"..CUGGUUG-========================-UCUCAAAGA";"0";"0";"13151";"527";"rev";"CAGCAGCCG-=========================-UAUUAAAGU"
"Euk_18S_14";"AY775741";"832435";"'Eukaryota;Amorphea;Obazoa;Opisthokonta;Holozoa;Choanozoa;Metazoa;Animalia;BCP clade;Bilateria;Protostomia;Lophotrochozoa;Platyhelminthes;Rhabditophora;Rhabdocoela;Kalyptorhynchia;'";"Mesorhynchus terminostylis";"1784";"1";"1784";"0";"0";"1020";"15";"fwd";".........-========================-UCUCAAAGA";"0";"0";"13151";"527";"rev";"CAGCAGCCG-=========================-UAUUAAAGU"
"Euk_18S_14";"AY775742";"832437";"'Eukaryota;Amorphea;Obazoa;Opisthokonta;Holozoa;Choanozoa;Metazoa;Animalia;BCP clade;Bilateria;Protostomia;Lophotrochozoa;Platyhelminthes;Rhabditophora;Rhabdocoela;Kalyptorhynchia;'";"Phonorhynchus helgolandicus";"1799";"1";"1799";"0";"0";"1020";"15";"fwd";"..CUGGUUG-========================-UCUCAAAGA";"0";"0";"13151";"527";"rev";"CAGCAGCCG-=========================-UAUUAAAAU"
"Euk_18S_14";"AY775743";"832439";"'Eukaryota;Amorphea;Obazoa;Opisthokonta;Holozoa;Choanozoa;Metazoa;Animalia;BCP clade;Bilateria;Protostomia;Lophotrochozoa;Platyhelminthes;Rhabditophora;Rhabdocoela;Kalyptorhynchia;'";"Polycystis naegelii";"1800";"1";"1800";"0";"0";"1020";"15";"fwd";"..CUGGUUG-========================-UCUCAAAGA";"0";"0";"13151";"527";"rev";"CAGCAGCCG-=========================-UAUUAAAGU"
"Euk_18S_14";"AY775744";"832441";"'Eukaryota;Amorphea;Obazoa;Opisthokonta;Holozoa;Choanozoa;Metazoa;Animalia;BCP clade;Bilateria;Protostomia;Lophotrochozoa;Platyhelminthes;Rhabditophora;Rhabdocoela;Kalyptorhynchia;'";"Proschizorhynchus triductibus";"1822";"1";"1822";"0";"0";"1020";"15";"fwd";"..CUGGUUG-========================-UCUCAAAGA";"0";"0";"13151";"527";"rev";"CAGCAGCCG-=========================-UAUUAAAGU"
"Euk_18S_14";"AY775745";"832443";"'Eukaryota;Amorphea;Obazoa;Opisthokonta;Holozoa;Choanozoa;Metazoa;Animalia;BCP clade;Bilateria;Protostomia;Lophotrochozoa;Platyhelminthes;Rhabditophora;Rhabdocoela;Kalyptorhynchia;'";"Schizochilus caecus";"1799";"1";"1799";"0";"0";"1020";"15";"fwd";"..CUGGUUG-========================-UCACAAAGA";"0";"0";"13151";"527";"rev";"CAGCAGCCG-=========================-UAUUAAAGU"
"Euk_18S_14";"AY775746";"832445";"'Eukaryota;Amorphea;Obazoa;Opisthokonta;Holozoa;Choanozoa;Metazoa;Animalia;BCP clade;Bilateria;Protostomia;Lophotrochozoa;Platyhelminthes;Rhabditophora;Rhabdocoela;Kalyptorhynchia;'";"Schizochilus choriurus";"1867";"1";"1867";"0";"0";"1020";"15";"fwd";".CUGGUUUG-========================-UCACAAAGA";"0";"0";"13151";"527";"rev";"CAGCAGCCG-=========================-UAUUAAAGU"
"Euk_18S_14";"AY775747";"832447";"'Eukaryota;Amorphea;Obazoa;Opisthokonta;Holozoa;Choanozoa;Metazoa;Animalia;BCP clade;Bilateria;Protostomia;Lophotrochozoa;Platyhelminthes;Rhabditophora;Rhabdocoela;Kalyptorhynchia;'";"Schizochilus marcusi";"1969";"1";"1969";"0";"0";"1020";"15";"fwd";".NCUGGUUG-========================-UCACAAAGA";"0";"0";"13151";"527";"rev";"CAGCAGCCG-=========================-UAUUAAAGU"
"Euk_18S_14";"AY775748";"832449";"'Eukaryota;Amorphea;Obazoa;Opisthokonta;Holozoa;Choanozoa;Metazoa;Animalia;BCP clade;Bilateria;Protostomia;Lophotrochozoa;Platyhelminthes;Rhabditophora;Rhabdocoela;Kalyptorhynchia;'";"Schizorhynchoides caniculatus";"1928";"1";"1928";"0";"0";"1020";"15";"fwd";"..CUGGUUG-========================-CUCAAAAGA";"0";"0";"13151";"527";"rev";"CAGCAGCCG-=========================-UAUUAAAGC"
"Euk_18S_14";"AY775750";"832451";"'Eukaryota;Amorphea;Obazoa;Opisthokonta;Holozoa;Choanozoa;Metazoa;Animalia;BCP clade;Bilateria;Protostomia;Lophotrochozoa;Platyhelminthes;Rhabditophora;Rhabdocoela;Kalyptorhynchia;'";"Zonorhynchus seminascatus";"1800";"1";"1800";"0";"0";"1020";"15";"fwd";"..CUGGUUG-========================-UCUCAAAGA";"0";"0";"13151";"527";"rev";"CAGCAGCCG-=========================-UAUUAAAGU"
"Euk_18S_14";"BCNE02132558";"931935";"'Eukaryota;Amorphea;Obazoa;Opisthokonta;Holozoa;Choanozoa;Metazoa;Animalia;BCP clade;Bilateria;Protostomia;Lophotrochozoa;Platyhelminthes;Trematoda;Digenea;Plagiorchiida;'";"Protobothrops mucrosquamatus";"1656";"158";"1813";"0";"0";"1020";"15";"fwd";".UCUGGUUG-========================-UCUCAGAGA";"0";"0";"13151";"527";"rev";"CAGCAGCCG-=========================-UAUUAAAGU"
"Euk_18S_14";"CABF01087751";"941697";"'Eukaryota;Amorphea;Obazoa;Opisthokonta;Holozoa;Choanozoa;Metazoa;Animalia;BCP clade;Bilateria;Protostomia;Lophotrochozoa;Platyhelminthes;Trematoda;Digenea;Strigeidida;'";"Schistosoma japonicum";"1558";"1";"1558";"0";"0";"1020";"15";"fwd";".ACUGGUUG-========================-UCUCAGAGA";"0";"0";"13151";"527";"rev";"CAGCAGCCG-=========================-UAUUAAAGU"
"Euk_18S_14";"CABF01087940";"941701";"'Eukaryota;Amorphea;Obazoa;Opisthokonta;Holozoa;Choanozoa;Metazoa;Animalia;BCP clade;Bilateria;Protostomia;Lophotrochozoa;Platyhelminthes;Trematoda;Digenea;Strigeidida;'";"Schistosoma japonicum";"1995";"836";"2830";"0";"0";"1020";"15";"fwd";".ACUGGUUG-========================-UCUCAGAGA";"0";"0";"13151";"527";"rev";"CAGCAGCCG-=========================-UAUUAAAGU"
"Euk_18S_14";"CBLO020001235";"943199";"'Eukaryota;Amorphea;Obazoa;Opisthokonta;Holozoa;Choanozoa;Metazoa;Animalia;BCP clade;Bilateria;Protostomia;Lophotrochozoa;Platyhelminthes;Cestoda;Eucestoda;Cyclophyllidea;'";"Echinococcus multilocularis";"2402";"634703";"637104";"0";"0";"1020";"15";"fwd";".CCUGGUUG-========================-UCUCAAAGA";"0";"0";"13151";"527";"rev";"CAGCAGCCG-=========================-UAUUAAAGU"
"Euk_18S_14";"CDMT01155890";"947995";"'Eukaryota;Amorphea;Obazoa;Opisthokonta;Holozoa;Choanozoa;Metazoa;Animalia;BCP clade;Bilateria;Protostomia;Lophotrochozoa;Platyhelminthes;Trematoda;Digenea;Echinostomida;'";"Fasciola hepatica (liver fluke)";"1553";"155";"1707";"0";"0";"2085";"138";"fwd";"AUCUGGUUG-========================-UCUCAGAGA";"0";"0";"13151";"527";"rev";"CAGCAGCCG-=========================-UAUUAAAGU"
"Euk_18S_14";"D64072";"1041659";"'Eukaryota;Amorphea;Obazoa;Opisthokonta;Holozoa;Choanozoa;Metazoa;Animalia;BCP clade;Bilateria;Protostomia;Lophotrochozoa;Platyhelminthes;Cestoda;Eucestoda;Diphyllobothriidea;'";"Spirometra erinaceieuropaei";"2182";"1";"2182";"0";"0";"1020";"15";"fwd";".CCUGGUUG-========================-UCUCAAAGA";"0";"0";"13151";"527";"rev";"CAGCAGCCG-=========================-UAUUAAAGU"
"Euk_18S_14";"DQ482608";"1178107";"'Eukaryota;Amorphea;Obazoa;Opisthokonta;Holozoa;Choanozoa;Metazoa;Animalia;BCP clade;Bilateria;Protostomia;Lophotrochozoa;Platyhelminthes;Trematoda;Aspidogastrea;Aspidogastridae;'";"Aspidogaster conchicola";"1974";"1";"1974";"0";"0";"1020";"15";"fwd";".CCUGGUUG-========================-UCUCAGAGA";"0";"0";"13151";"527";"rev";"CAGCAGCCG-=========================-UAUUAAAGU"
"Euk_18S_14";"DQ642942";"1213385";"'Eukaryota;Amorphea;Obazoa;Opisthokonta;Holozoa;Choanozoa;Metazoa;Animalia;BCP clade;Bilateria;Protostomia;Lophotrochozoa;Platyhelminthes;Cestoda;Eucestoda;Trypanorhyncha;'";"Trimacracanthus aetobatidis";"2026";"1";"2026";"0";"0";"1020";"15";"fwd";"........G-========================-UCUCAAAGA";"0";"0";"13151";"527";"rev";"CAGCAGCCG-=========================-UAUUAAAGU"
"Euk_18S_14";"DQ925303";"1319877";"'Eukaryota;Amorphea;Obazoa;Opisthokonta;Holozoa;Choanozoa;Metazoa;Animalia;BCP clade;Bilateria;Protostomia;Lophotrochozoa;Platyhelminthes;Cestoda;Eucestoda;Bothriocephalidea;'";"Amphicotyle heteropleura";"2130";"1";"2130";"0";"0";"1020";"15";"fwd";".CCUGGUUG-========================-UCUCAAAGA";"0";"0";"13151";"527";"rev";"CAGCAGCCG-=========================-UAUUAAAGU"
"Euk_18S_14";"DQ925304";"1319879";"'Eukaryota;Amorphea;Obazoa;Opisthokonta;Holozoa;Choanozoa;Metazoa;Animalia;BCP clade;Bilateria;Protostomia;Lophotrochozoa;Platyhelminthes;Cestoda;Eucestoda;Bothriocephalidea;'";"Anonchocephalus chilensis";"2127";"1";"2127";"0";"0";"1020";"15";"fwd";".CCUGGUUG-========================-UCUCAAAGA";"0";"0";"13151";"527";"rev";"CAGCAGCCG-=========================-UAUUAAAGU"
"Euk_18S_14";"DQ925305";"1319881";"'Eukaryota;Amorphea;Obazoa;Opisthokonta;Holozoa;Choanozoa;Metazoa;Animalia;BCP clade;Bilateria;Protostomia;Lophotrochozoa;Platyhelminthes;Cestoda;Eucestoda;Bothriocephalidea;'";"Bathybothrium rectangulum";"2130";"1";"2130";"0";"0";"1020";"15";"fwd";".CCUGGUUG-========================-UCUCAAAGA";"0";"0";"13151";"527";"rev";"CAGCAGCCG-=========================-UAUUAAAGU"
"Euk_18S_14";"DQ925306";"1319883";"'Eukaryota;Amorphea;Obazoa;Opisthokonta;Holozoa;Choanozoa;Metazoa;Animalia;BCP clade;Bilateria;Protostomia;Lophotrochozoa;Platyhelminthes;Cestoda;Eucestoda;Bothriocephalidea;'";"Bathycestus brayi";"2129";"1";"2129";"0";"0";"1020";"15";"fwd";".CCUGGUUG-========================-UCUCAAAGA";"0";"0";"13151";"527";"rev";"CAGCAGCAG-=========================-UAUUAAAGU"
"Euk_18S_14";"DQ925307";"1319885";"'Eukaryota;Amorphea;Obazoa;Opisthokonta;Holozoa;Choanozoa;Metazoa;Animalia;BCP clade;Bilateria;Protostomia;Lophotrochozoa;Platyhelminthes;Cestoda;Eucestoda;Diphyllobothriidea;'";"Cephalochlamys namaquensis";"2288";"1";"2288";"0";"0";"1020";"15";"fwd";".CCUGGUUG-========================-UCUCAAAGA";"0";"0";"13151";"527";"rev";"CAGCAGCCG-=========================-UAUUAAAGU"
"Euk_18S_14";"DQ925310";"1319891";"'Eukaryota;Amorphea;Obazoa;Opisthokonta;Holozoa;Choanozoa;Metazoa;Animalia;BCP clade;Bilateria;Protostomia;Lophotrochozoa;Platyhelminthes;Cestoda;Eucestoda;Diphyllobothriidea;'";"Adenocephalus pacificus";"2181";"1";"2181";"0";"0";"1020";"15";"fwd";".CCUGGUUG-========================-UCUCAAAGA";"0";"0";"13151";"527";"rev";"CAGCAGCCG-=========================-UAUUAAAGU"
"Euk_18S_14";"DQ925311";"1319893";"'Eukaryota;Amorphea;Obazoa;Opisthokonta;Holozoa;Choanozoa;Metazoa;Animalia;BCP clade;Bilateria;Protostomia;Lophotrochozoa;Platyhelminthes;Cestoda;Eucestoda;Bothriocephalidea;'";"Echinophallus wageneri";"2129";"1";"2129";"0";"0";"1020";"15";"fwd";".CCUGGUUG-========================-UCUCAAAGA";"0";"0";"13151";"527";"rev";"CAGCAGCCG-=========================-UAUUAAAGU"
"Euk_18S_14";"DQ925312";"1319895";"'Eukaryota;Amorphea;Obazoa;Opisthokonta;Holozoa;Choanozoa;Metazoa;Animalia;BCP clade;Bilateria;Protostomia;Lophotrochozoa;Platyhelminthes;Cestoda;Eucestoda;Diphyllobothriidea;'";"Ligula colymbi";"2177";"1";"2177";"0";"0";"1020";"15";"fwd";".CCUGGUUG-========================-UCUCAAAGA";"0";"0";"13151";"527";"rev";"CAGCAGCCG-=========================-UAUUAAAGU"
"Euk_18S_14";"DQ925313";"1319897";"'Eukaryota;Amorphea;Obazoa;Opisthokonta;Holozoa;Choanozoa;Metazoa;Animalia;BCP clade;Bilateria;Protostomia;Lophotrochozoa;Platyhelminthes;Cestoda;Eucestoda;Bothriocephalidea;'";"Marsipometra hastata";"2134";"1";"2134";"0";"0";"1020";"15";"fwd";".CCUGGUUG-========================-UCUCAAAGA";"0";"0";"13151";"527";"rev";"CAGCAGCCG-=========================-UAUUAAAGU"
"Euk_18S_14";"DQ925314";"1319899";"'Eukaryota;Amorphea;Obazoa;Opisthokonta;Holozoa;Choanozoa;Metazoa;Animalia;BCP clade;Bilateria;Protostomia;Lophotrochozoa;Platyhelminthes;Cestoda;Eucestoda;Pseudophyllidea;'";"Parabothriocephalus segmentatus";"2128";"1";"2128";"0";"0";"1020";"15";"fwd";".CCUGGUUG-========================-UCUCAAAGA";"0";"0";"13151";"527";"rev";"CAGCAGCCG-=========================-UAUUAAAGU"
"Euk_18S_14";"DQ925315";"1319901";"'Eukaryota;Amorphea;Obazoa;Opisthokonta;Holozoa;Choanozoa;Metazoa;Animalia;BCP clade;Bilateria;Protostomia;Lophotrochozoa;Platyhelminthes;Cestoda;Eucestoda;Pseudophyllidea;'";"Paraechinophallus japonicus";"2128";"1";"2128";"0";"0";"1020";"15";"fwd";".CCUGGUUG-========================-UCUCAAAGA";"0";"0";"13151";"527";"rev";"CAGCAGCCG-=========================-UAUUAAAGU"
"Euk_18S_14";"DQ925316";"1319903";"'Eukaryota;Amorphea;Obazoa;Opisthokonta;Holozoa;Choanozoa;Metazoa;Animalia;BCP clade;Bilateria;Protostomia;Lophotrochozoa;Platyhelminthes;Cestoda;Eucestoda;Bothriocephalidea;'";"Philobythoides stunkardi";"2124";"1";"2124";"0";"0";"1020";"15";"fwd";".CCUGGUUG-========================-UCUCAAAGA";"0";"0";"13151";"527";"rev";"CAGCAGCCG-=========================-UAUUAAAGU"
"Euk_18S_14";"DQ925317";"1319905";"'Eukaryota;Amorphea;Obazoa;Opisthokonta;Holozoa;Choanozoa;Metazoa;Animalia;BCP clade;Bilateria;Protostomia;Lophotrochozoa;Platyhelminthes;Cestoda;Eucestoda;Pseudophyllidea;'";"Ptychobothrium belones";"2137";"1";"2137";"0";"0";"1020";"15";"fwd";".CCUGGUUG-========================-UCUCAAAGA";"0";"0";"13151";"527";"rev";"CAGCAGCCG-=========================-UAUUAAAGU"
"Euk_18S_14";"DQ925318";"1319907";"'Eukaryota;Amorphea;Obazoa;Opisthokonta;Holozoa;Choanozoa;Metazoa;Animalia;BCP clade;Bilateria;Protostomia;Lophotrochozoa;Platyhelminthes;Cestoda;Eucestoda;Bothriocephalidea;'";"Triaenophorus crassus";"2129";"1";"2129";"0";"0";"1020";"15";"fwd";".CCUGGUUG-========================-UCUCAAAGA";"0";"0";"13151";"527";"rev";"CAGCAGCCG-=========================-UAUUAAAGU"
"Euk_18S_14";"EF114220";"1385745";"'Eukaryota;Amorphea;Obazoa;Opisthokonta;Holozoa;Choanozoa;Metazoa;Animalia;BCP clade;Bilateria;Protostomia;Lophotrochozoa;Platyhelminthes;Trematoda;Digenea;Strigeidida;'";"Allobilharzia visceralis";"1579";"1";"1579";"0";"0";"1020";"15";"fwd";".CCUGGUUG-========================-UCUCAGAGA";"0";"0";"13151";"527";"rev";"CAGCAGCCG-=========================-UAUUAAAGU"
"Euk_18S_14";"EU647173";"1917293";"'Eukaryota;SAR;Alveolata;Ciliophora;Intramacronucleata;Spirotrichea;Hypotrichia;Sterkiella;'";"uncultured stichotrich";"1764";"1";"1764";"0";"0";"1020";"15";"fwd";"..CUGGUUG-========================-UCUCAAAGA";"0";"0";"13151";"527";"rev";"CAGCAGCCG-=========================-UAUUAAAGU"
"Euk_18S_14";"FJ832163";"2422527";"'Eukaryota;SAR;Alveolata;Apicomplexa;Conoidasida;Gregarinasina;Archigregarinorida;'";"Filipodium phascolosomae";"1699";"1";"1699";"0";"0";"1020";"15";"fwd";".CCUGGUUG-========================-UCUGAAAGA";"0";"0";"13151";"527";"rev";"CAGCAGCCG-=========================-UACUAAUGU"
"Euk_18S_14";"GASQ02029247";"2835495";"'Eukaryota;Amorphea;Obazoa;Opisthokonta;Holozoa;Choanozoa;Metazoa;Animalia;BCP clade;Bilateria;Protostomia;Ecdysozoa;Arthropoda;Hexapoda;Insecta;Pterygota;Neoptera;Orthoptera;'";"Tetrix subulata";"1893";"868";"2760";"0";"0";"1020";"15";"fwd";"......UUG-========================-UCUCAAAGA";"0";"0";"13151";"527";"rev";"CAGCCGCCG-=========================-UAUUAAAGU"
"Euk_18S_14";"GAZU01004578";"2836077";"'Eukaryota;Amorphea;Obazoa;Opisthokonta;Holozoa;Choanozoa;Metazoa;Animalia;BCP clade;Bilateria;Protostomia;Ecdysozoa;Arthropoda;Hexapoda;Insecta;Pterygota;Neoptera;Hymenoptera;'";"Brachycistis timberlakei";"1929";"614";"2542";"0";"0";"1020";"15";"fwd";".CCUGGUUG-========================-UCUCAAAGA";"0";"0";"13151";"527";"rev";"CAGCAGCCG-=========================-UAUUAAAGU"
"Euk_18S_14";"GBMJ01018677";"2837947";"'Eukaryota;Amorphea;Obazoa;Opisthokonta;Holozoa;Choanozoa;Metazoa;Animalia;BCP clade;Bilateria;Protostomia;Ecdysozoa;Arthropoda;Hexapoda;Insecta;Pterygota;Neoptera;Hymenoptera;'";"Lithurgus chrysurus";"1914";"8520";"10433";"0";"0";"1020";"15";"fwd";".CCUGGUUG-========================-UCUCAAAGA";"0";"0";"13151";"527";"rev";"CAGCAGCCG-=========================-UAUUAAAGU"
"Euk_18S_14";"GBNS01023617";"2838005";"'Eukaryota;Amorphea;Obazoa;Opisthokonta;Holozoa;Choanozoa;Metazoa;Animalia;BCP clade;Bilateria;Protostomia;Ecdysozoa;Arthropoda;Hexapoda;Insecta;Pterygota;Neoptera;Hymenoptera;'";"Cerceris arenaria";"1938";"754";"2691";"0";"0";"1020";"15";"fwd";".CCUGGUUG-========================-UCUCAAAGA";"0";"0";"13151";"527";"rev";"CAGCAGCCG-=========================-UAUUAAAGU"
"Euk_18S_14";"GBQN01021411";"2838165";"'Eukaryota;Amorphea;Obazoa;Opisthokonta;Holozoa;Choanozoa;Metazoa;Animalia;BCP clade;Bilateria;Protostomia;Ecdysozoa;Arthropoda;Hexapoda;Insecta;Pterygota;Neoptera;Hymenoptera;'";"Megachile willughbiella (Willughby's leaf-cutter bee)";"1923";"1392";"3314";"0";"0";"1020";"15";"fwd";".CCUGGUUG-========================-UCUCAAAGA";"0";"0";"13151";"527";"rev";"CAGCAGCCG-=========================-UAUUAAAGU"
"Euk_18S_14";"GDKR01013744";"2840709";"'Eukaryota;Amorphea;Obazoa;Opisthokonta;Holozoa;Choanozoa;Metazoa;Animalia;BCP clade;Bilateria;Protostomia;Lophotrochozoa;Platyhelminthes;Trematoda;Digenea;Strigeidida;'";"Trichobilharzia regenti";"1986";"6991";"8976";"0";"0";"1020";"15";"fwd";".ACUGGUUG-========================-UCUCAGAGA";"0";"0";"13151";"527";"rev";"CAGCAGCCG-=========================-UAUUAAAGU"
"Euk_18S_14";"GEEE01003507";"2842411";"'Eukaryota;Amorphea;Obazoa;Opisthokonta;Holozoa;Choanozoa;Metazoa;Animalia;BCP clade;Bilateria;Protostomia;Lophotrochozoa;Platyhelminthes;Cestoda;Eucestoda;Diphyllobothriidea;'";"Schistocephalus solidus";"2187";"1192";"3378";"0";"0";"1020";"15";"fwd";".CCUGGUUG-========================-UCUCAAAGA";"0";"0";"13151";"527";"rev";"CAGCAGCCG-=========================-UAUUAAAGU"
"Euk_18S_14";"GETY01019779";"2843707";"'Eukaryota;Amorphea;Obazoa;Opisthokonta;Holozoa;Choanozoa;Metazoa;Animalia;BCP clade;Bilateria;Protostomia;Lophotrochozoa;Platyhelminthes;Monogenea;Polyopisthocotylea;Mazocraeidae;'";"Alosa alosa (allis shad)";"2008";"84";"2091";"0";"0";"1020";"15";"fwd";".CCUGGUUG-========================-UCUCAAAGA";"0";"0";"13151";"527";"rev";"CAGCAGCCG-=========================-UAUUAAAGU"
"Euk_18S_14";"GFBA01011583";"2844837";"'Eukaryota;Amorphea;Obazoa;Opisthokonta;Holozoa;Choanozoa;Metazoa;Animalia;BCP clade;Bilateria;Protostomia;Ecdysozoa;Arthropoda;Hexapoda;Insecta;Pterygota;Neoptera;Hemiptera;'";"Tupiocoris notatus";"1926";"319";"2244";"0";"0";"1020";"15";"fwd";".UCUGGUUG-========================-UCUCAAAGC";"0";"0";"13151";"527";"rev";"CAGCAGCCG-=========================-UAUUAAAGU"
"Euk_18S_14";"GQ410634";"3229633";"'Eukaryota;Amorphea;Obazoa;Opisthokonta;Holozoa;Choanozoa;Metazoa;Animalia;BCP clade;Bilateria;Protostomia;Ecdysozoa;Arthropoda;Hexapoda;Insecta;Pterygota;Neoptera;Hymenoptera;'";"Brachygaster minutus";"1881";"1";"1881";"0";"0";"1020";"15";"fwd";".CCUGGUUG-========================-UCUCAAAGA";"0";"0";"13151";"527";"rev";"CAGCAGCCG-=========================-UAUUAAAGU"
"Euk_18S_14";"GQ410669";"3229703";"'Eukaryota;Amorphea;Obazoa;Opisthokonta;Holozoa;Choanozoa;Metazoa;Animalia;BCP clade;Bilateria;Protostomia;Ecdysozoa;Arthropoda;Hexapoda;Insecta;Pterygota;Neoptera;Hymenoptera;'";"Chiloe micropteron";"1900";"1";"1900";"0";"0";"1020";"15";"fwd";".CCUGGUUG-========================-UCUCAAAGA";"0";"0";"13151";"527";"rev";"CAGCAGCCG-=========================-UAUUAAAGU"
"Euk_18S_14";"GQ995413";"3300753";"'Eukaryota;Amorphea;Obazoa;Opisthokonta;Nucletmycea;Fungi;Chytridiomycota;Incertae Sedis;Chytridiomycetes;Gromochytriales;Gromochytriaceae;uncultured;'";"uncultured Chytridiomycota";"1770";"1";"1770";"0";"0";"1020";"15";"fwd";".UCCGGUUG-========================-UCUCAAAGA";"0";"0";"13151";"527";"rev";"CAGCAGCCG-=========================-UAUUAAAGU"
"Euk_18S_14";"GU246591";"3398237";"'Eukaryota;SAR;Rhizaria;Retaria;Acantharia;Acantharea Group II;'";"uncultured marine eukaryote";"1778";"1";"1778";"0";"0";"1020";"15";"fwd";".CCUGGUUG-========================-UCUCAAAGA";"0";"0";"13151";"527";"rev";"CAGCAGCCG-=========================-UACUAAUGU"
"Euk_18S_14";"HM545901";"4504257";"'Eukaryota;Amorphea;Obazoa;Opisthokonta;Holozoa;Choanozoa;Metazoa;Animalia;BCP clade;Bilateria;Protostomia;Lophotrochozoa;Platyhelminthes;Trematoda;Digenea;Azygiida;'";"Hysterolecithoides guangdongensis";"1943";"1";"1943";"0";"0";"1020";"15";"fwd";".CCUGGUUG-========================-UCUCAGAGA";"0";"0";"13151";"527";"rev";"CAGCAGCCG-=========================-UAUUAAAGU"
"Euk_18S_14";"HM545905";"4504261";"'Eukaryota;Amorphea;Obazoa;Opisthokonta;Holozoa;Choanozoa;Metazoa;Animalia;BCP clade;Bilateria;Protostomia;Lophotrochozoa;Platyhelminthes;Monogenea;Polyopisthocotylea;Microcotylidae;'";"Polylabris sp. JYW-2010";"1993";"1";"1993";"0";"0";"1020";"15";"fwd";".CCUGGUUG-========================-UCUCAAAGA";"0";"0";"13151";"527";"rev";"CAGCAGCCG-=========================-UAUUAAAAU"
"Euk_18S_14";"JN619017";"6982007";"'Eukaryota;Amorphea;Obazoa;Opisthokonta;Holozoa;Choanozoa;Metazoa;Animalia;BCP clade;Bilateria;Protostomia;Ecdysozoa;Arthropoda;Hexapoda;Insecta;Pterygota;Neoptera;Coleoptera;'";"Philonthus fimetarius";"1923";"1";"1923";"0";"0";"1020";"15";"fwd";".CCUGGUUG-========================-UCUCAAAGA";"0";"0";"13151";"527";"rev";"CAGCAGCCG-=========================-UAUUAAAGU"
"Euk_18S_14";"JN619029";"6982029";"'Eukaryota;Amorphea;Obazoa;Opisthokonta;Holozoa;Choanozoa;Metazoa;Animalia;BCP clade;Bilateria;Protostomia;Ecdysozoa;Arthropoda;Hexapoda;Insecta;Pterygota;Neoptera;Coleoptera;'";"Olophrum piceum";"1908";"1";"1908";"0";"0";"1020";"15";"fwd";".CCUGGUUG-========================-UCUCAAAGA";"0";"0";"13151";"527";"rev";"CAGCAGCUG-=========================-UAUUAAAGU"
"Euk_18S_14";"JN619108";"6982185";"'Eukaryota;Amorphea;Obazoa;Opisthokonta;Holozoa;Choanozoa;Metazoa;Animalia;BCP clade;Bilateria;Protostomia;Ecdysozoa;Arthropoda;Hexapoda;Insecta;Pterygota;Neoptera;Coleoptera;'";"Holotrichapion aethiops";"1907";"1";"1907";"0";"0";"1020";"15";"fwd";".CCUGGUUG-========================-UCUCAAAGA";"0";"0";"13151";"527";"rev";"CAGCAGCCG-=========================-UAUUAAAGU"
"Euk_18S_14";"JN619109";"6982187";"'Eukaryota;Amorphea;Obazoa;Opisthokonta;Holozoa;Choanozoa;Metazoa;Animalia;BCP clade;Bilateria;Protostomia;Ecdysozoa;Arthropoda;Hexapoda;Insecta;Pterygota;Neoptera;Coleoptera;'";"Kalcapion pallipes";"1907";"1";"1907";"0";"0";"1020";"15";"fwd";".CCUGGUUG-========================-UCUCAAAGA";"0";"0";"13151";"527";"rev";"CAGCAGCCG-=========================-UAUUAAAGU"
"Euk_18S_14";"JN619260";"6982471";"'Eukaryota;Amorphea;Obazoa;Opisthokonta;Holozoa;Choanozoa;Metazoa;Animalia;BCP clade;Bilateria;Protostomia;Ecdysozoa;Arthropoda;Hexapoda;Insecta;Pterygota;Neoptera;Coleoptera;'";"Mylabris sp. BMNH838144";"1915";"1";"1915";"0";"0";"1020";"15";"fwd";".CCUGGUUG-========================-UCUCAAAGA";"0";"0";"13151";"527";"rev";"CAGCAGCCG-=========================-UAUUAAAGU"
"Euk_18S_14";"JN619288";"6982525";"'Eukaryota;Amorphea;Obazoa;Opisthokonta;Holozoa;Choanozoa;Metazoa;Animalia;BCP clade;Bilateria;Protostomia;Ecdysozoa;Arthropoda;Hexapoda;Insecta;Pterygota;Neoptera;Coleoptera;'";"Betulapion simile";"1853";"1";"1853";"0";"0";"1020";"15";"fwd";"...UGGUUG-========================-UCUCAAAGA";"0";"0";"13151";"527";"rev";"CAGCAGCCG-=========================-UAUUAAAGU"
"Euk_18S_14";"JN619297";"6982539";"'Eukaryota;Amorphea;Obazoa;Opisthokonta;Holozoa;Choanozoa;Metazoa;Animalia;BCP clade;Bilateria;Protostomia;Ecdysozoa;Arthropoda;Hexapoda;Insecta;Pterygota;Neoptera;Coleoptera;'";"Iberoporus cermenius";"1942";"1";"1942";"0";"0";"1020";"15";"fwd";".CCUGGUUG-========================-UCUCAAAGA";"0";"0";"13151";"527";"rev";"CAGCAGCCG-=========================-UAUUAAAGU"
"Euk_18S_14";"JN619330";"6982603";"'Eukaryota;Amorphea;Obazoa;Opisthokonta;Holozoa;Choanozoa;Metazoa;Animalia;BCP clade;Bilateria;Protostomia;Ecdysozoa;Arthropoda;Hexapoda;Insecta;Pterygota;Neoptera;Coleoptera;'";"Philonthus atratus";"1912";"1";"1912";"0";"0";"1020";"15";"fwd";".CCUGGUUG-========================-UCUCAAAGA";"0";"0";"13151";"527";"rev";"CAGCAGCCG-=========================-UAUUAAAGU"
"Euk_18S_14";"JQ886404";"7836025";"'Eukaryota;Amorphea;Obazoa;Opisthokonta;Holozoa;Choanozoa;Metazoa;Animalia;BCP clade;Bilateria;Protostomia;Lophotrochozoa;Platyhelminthes;Trematoda;Digenea;Plagiorchiida;'";"Mesocoelium lanfrediae";"1981";"1";"1981";"0";"0";"1020";"15";"fwd";".ACAGGAUG-========================-UCUCAGAGA";"0";"0";"13151";"527";"rev";"CAGCAGCCG-=========================-UAUUAAAGU"
"Euk_18S_14";"JX845133";"8408857";"'Eukaryota;Amorphea;Obazoa;Opisthokonta;Holozoa;Choanozoa;Metazoa;Animalia;BCP clade;Bilateria;Protostomia;Lophotrochozoa;Platyhelminthes;Cestoda;Eucestoda;Tetraphyllidea;'";"Crossobothrium sp. PWK-2012";"2100";"1";"2100";"0";"0";"1020";"15";"fwd";".CCUGGUUG-========================-UCUCAAAGA";"0";"0";"13151";"527";"rev";"CAGCAGCCG-=========================-UAUUAAAGU"
"Euk_18S_14";"KJ758825";"9667561";"'Eukaryota;SAR;Rhizaria;Retaria;Acantharia;Acantharea Group VI;'";"uncultured eukaryote";"1776";"1";"1776";"0";"0";"1020";"15";"fwd";".CCUGGUUG-========================-UCUCAAAGA";"0";"0";"13151";"527";"rev";"CAGCAGCCG-=========================-UACUAAUGU"
"Euk_18S_14";"KJ761356";"9672623";"'Eukaryota;SAR;Rhizaria;Retaria;Acantharia;Acantharea Group VI;'";"uncultured eukaryote";"1776";"1";"1776";"0";"0";"1020";"15";"fwd";".CCUGGUUG-========================-UCUCAAAGA";"0";"0";"13151";"527";"rev";"CAGCAGCCG-=========================-UACUAAUGU"
"Euk_18S_14";"KJ762493";"9674897";"'Eukaryota;SAR;Alveolata;Protalveolata;Syndiniales;Syndiniales Group I;'";"uncultured eukaryote";"1783";"1";"1783";"0";"0";"1020";"15";"fwd";".CCUGGUUG-========================-UCUCAAAGA";"0";"0";"13151";"527";"rev";"CAGCAGCCG-=========================-UAUUAAAGU"
"Euk_18S_14";"KJ762894";"9675699";"'Eukaryota;SAR;Alveolata;uncultured;'";"uncultured eukaryote";"1799";"1";"1799";"0";"0";"1020";"15";"fwd";".CCUGGUUG-========================-UCUCAAAGA";"0";"0";"13151";"527";"rev";"CAGCAGCCG-=========================-UAUUUAAGU"
"Euk_18S_14";"KJ762927";"9675765";"'Eukaryota;SAR;Alveolata;Protalveolata;Syndiniales;Syndiniales Group I;'";"uncultured eukaryote";"1798";"1";"1798";"0";"0";"1020";"15";"fwd";".CCUGGUUG-========================-UCUCAAAGA";"0";"0";"13151";"527";"rev";"CAGCAGCCG-=========================-UAUUGAAGU"
"Euk_18S_14";"KJ887400";"9710549";"'Eukaryota;Amorphea;Obazoa;Opisthokonta;Holozoa;Choanozoa;Metazoa;Animalia;BCP clade;Bilateria;Protostomia;Lophotrochozoa;Platyhelminthes;Rhabditophora;Rhabdocoela;Kalyptorhynchia;'";"Austrorhynchus hawaiiensis";"1795";"1";"1795";"0";"0";"1020";"15";"fwd";"..CUGGUUG-========================-UCUCAAAGA";"0";"0";"13151";"527";"rev";"CAGCAGCCG-=========================-UAUUAAAGU"
"Euk_18S_14";"KJ887405";"9710559";"'Eukaryota;Amorphea;Obazoa;Opisthokonta;Holozoa;Choanozoa;Metazoa;Animalia;BCP clade;Bilateria;Protostomia;Lophotrochozoa;Platyhelminthes;Rhabditophora;Rhabdocoela;Kalyptorhynchia;'";"Austrorhynchus bruneti";"1798";"1";"1798";"0";"0";"1020";"15";"fwd";"..CUGGUUG-========================-UCUCAAAGA";"0";"0";"13151";"527";"rev";"CAGCAGCCG-=========================-UAUUAAAGU"
"Euk_18S_14";"KJ887415";"9710579";"'Eukaryota;Amorphea;Obazoa;Opisthokonta;Holozoa;Choanozoa;Metazoa;Animalia;BCP clade;Bilateria;Protostomia;Lophotrochozoa;Platyhelminthes;Rhabditophora;Rhabdocoela;Kalyptorhynchia;'";"Brachyrhynchoides oosterlyncki";"1786";"1";"1786";"0";"0";"1020";"15";"fwd";".......UG-========================-UCUCAAAGA";"0";"0";"13151";"527";"rev";"CAGCAGCCG-=========================-UAUUAAAAU"
"Euk_18S_14";"KJ887420";"9710589";"'Eukaryota;Amorphea;Obazoa;Opisthokonta;Holozoa;Choanozoa;Metazoa;Animalia;BCP clade;Bilateria;Protostomia;Lophotrochozoa;Platyhelminthes;Rhabditophora;Rhabdocoela;Kalyptorhynchia;'";"Paulodora sp. n. 1 TJ-2014";"1791";"1";"1791";"0";"0";"1020";"15";"fwd";"...UGGUUG-========================-UCUCAAAGA";"0";"0";"13151";"527";"rev";"CAGCAGCCG-=========================-UAUUAAAGU"
"Euk_18S_14";"KJ887437";"9710623";"'Eukaryota;Amorphea;Obazoa;Opisthokonta;Holozoa;Choanozoa;Metazoa;Animalia;BCP clade;Bilateria;Protostomia;Lophotrochozoa;Platyhelminthes;Rhabditophora;Rhabdocoela;Kalyptorhynchia;'";"Cystiplex axi";"1789";"1";"1789";"0";"0";"1020";"15";"fwd";".CUGGUUUG-========================-UCUCAAAGA";"0";"0";"13151";"527";"rev";"CAGCAGCCG-=========================-UAUUAAAGU"
"Euk_18S_14";"KJ887441";"9710631";"'Eukaryota;Amorphea;Obazoa;Opisthokonta;Holozoa;Choanozoa;Metazoa;Animalia;BCP clade;Bilateria;Protostomia;Lophotrochozoa;Platyhelminthes;Rhabditophora;Rhabdocoela;Kalyptorhynchia;'";"Lagenopolycystis sp. n. 2 TJ-2014";"1803";"1";"1803";"0";"0";"1020";"15";"fwd";".CUGGUUUG-========================-UCUCAAAGA";"0";"0";"13151";"527";"rev";"CAGCAGCCG-=========================-UAUUAAAGU"
"Euk_18S_14";"KJ887444";"9710637";"'Eukaryota;Amorphea;Obazoa;Opisthokonta;Holozoa;Choanozoa;Metazoa;Animalia;BCP clade;Bilateria;Protostomia;Lophotrochozoa;Platyhelminthes;Rhabditophora;Rhabdocoela;Kalyptorhynchia;'";"Danorhynchus sp. TJ-2014";"1795";"1";"1795";"0";"0";"1020";"15";"fwd";"........G-========================-UCACAAAGA";"0";"0";"13151";"527";"rev";"CAGCAGCCG-=========================-UAUUAAAGU"
"Euk_18S_14";"KJ887447";"9710643";"'Eukaryota;Amorphea;Obazoa;Opisthokonta;Holozoa;Choanozoa;Metazoa;Animalia;BCP clade;Bilateria;Protostomia;Lophotrochozoa;Platyhelminthes;Rhabditophora;Rhabdocoela;Kalyptorhynchia;'";"Phonorhynchella biarcuata";"1801";"1";"1801";"0";"0";"1020";"15";"fwd";"...UGGUUG-========================-UCUCAAAGA";"0";"0";"13151";"527";"rev";"CAGCAGCCG-=========================-UAUUAAAGU"
"Euk_18S_14";"KJ887448";"9710645";"'Eukaryota;Amorphea;Obazoa;Opisthokonta;Holozoa;Choanozoa;Metazoa;Animalia;BCP clade;Bilateria;Protostomia;Lophotrochozoa;Platyhelminthes;Rhabditophora;Rhabdocoela;Kalyptorhynchia;'";"Thylacorhynchus conglobatus";"1801";"1";"1801";"0";"0";"1020";"15";"fwd";"...UGGUUG-========================-UCUCAAAGA";"0";"0";"13151";"527";"rev";"CAGCAGCCG-=========================-UAUUAAAGU"
"Euk_18S_14";"KJ887453";"9710655";"'Eukaryota;Amorphea;Obazoa;Opisthokonta;Holozoa;Choanozoa;Metazoa;Animalia;BCP clade;Bilateria;Protostomia;Lophotrochozoa;Platyhelminthes;Rhabditophora;Rhabdocoela;Kalyptorhynchia;'";"Paulodora sp. TJ-2014";"1802";"1";"1802";"0";"0";"1020";"15";"fwd";"..UGGUUUG-========================-UCUCAAAGA";"0";"0";"13151";"527";"rev";"CAGCAGCCG-=========================-UAUUAAAGU"
"Euk_18S_14";"KJ887462";"9710673";"'Eukaryota;Amorphea;Obazoa;Opisthokonta;Holozoa;Choanozoa;Metazoa;Animalia;BCP clade;Bilateria;Protostomia;Lophotrochozoa;Platyhelminthes;Rhabditophora;Rhabdocoela;Kalyptorhynchia;'";"Ethmorhynchus anophthalmus";"1793";"1";"1793";"0";"0";"1020";"15";"fwd";".NCUGGUUG-========================-UCUCAAAGA";"0";"0";"13151";"527";"rev";"CAGCAGCCG-=========================-UAUUAAAGU"
"Euk_18S_14";"KJ887465";"9710679";"'Eukaryota;Amorphea;Obazoa;Opisthokonta;Holozoa;Choanozoa;Metazoa;Animalia;BCP clade;Bilateria;Protostomia;Lophotrochozoa;Platyhelminthes;Rhabditophora;Rhabdocoela;Kalyptorhynchia;'";"Cicerina tetradactyla";"1799";"1";"1799";"0";"0";"1020";"15";"fwd";"...UGGUUG-========================-UCUCAAAGA";"0";"0";"13151";"527";"rev";"CAGCAGCCG-=========================-UAUUAAAGU"
"Euk_18S_14";"KJ887467";"9710683";"'Eukaryota;Amorphea;Obazoa;Opisthokonta;Holozoa;Choanozoa;Metazoa;Animalia;BCP clade;Bilateria;Protostomia;Lophotrochozoa;Platyhelminthes;Rhabditophora;Rhabdocoela;Kalyptorhynchia;'";"Limipolycystis wallbergi";"1790";"1";"1790";"0";"0";"1020";"15";"fwd";"..UGGGUUG-========================-UCUCAAAGA";"0";"0";"13151";"527";"rev";"CAGCAGCCG-=========================-UAUUAAAGU"
"Euk_18S_14";"KJ887471";"9710691";"'Eukaryota;Amorphea;Obazoa;Opisthokonta;Holozoa;Choanozoa;Metazoa;Animalia;BCP clade;Bilateria;Protostomia;Lophotrochozoa;Platyhelminthes;Rhabditophora;Rhabdocoela;Kalyptorhynchia;'";"Rogneda sp. n. 2 TJ-2014";"1793";"1";"1793";"0";"0";"1020";"15";"fwd";"..CUGGUUG-========================-UCUCAAAGA";"0";"0";"13151";"527";"rev";"CAGCAGCCG-=========================-UAUUAAAGU"
"Euk_18S_14";"KJ887475";"9710699";"'Eukaryota;Amorphea;Obazoa;Opisthokonta;Holozoa;Choanozoa;Metazoa;Animalia;BCP clade;Bilateria;Protostomia;Lophotrochozoa;Platyhelminthes;Rhabditophora;Rhabdocoela;Kalyptorhynchia;'";"Xenocicerina gracilis";"1782";"1";"1782";"0";"0";"1020";"15";"fwd";"........G-========================-UCUCAAAGA";"0";"0";"13151";"527";"rev";"CAGCAGCCG-=========================-UAUUUAAGC"
"Euk_18S_14";"KP796243";"10398489";"'Eukaryota;Amorphea;Obazoa;Opisthokonta;Holozoa;Choanozoa;Metazoa;Animalia;BCP clade;Bilateria;Protostomia;Lophotrochozoa;Platyhelminthes;Monogenea;Polyopisthocotylea;Diclybothriidae;'";"Paradiclybothrium pacificum";"2007";"1";"2007";"0";"0";"1020";"15";"fwd";".CCUGGUUG-========================-UCUCAAAGA";"0";"0";"13151";"527";"rev";"CAGCAGCCG-=========================-UAUUAAAGU"
"Euk_18S_14";"KP796248";"10398499";"'Eukaryota;Amorphea;Obazoa;Opisthokonta;Holozoa;Choanozoa;Metazoa;Animalia;BCP clade;Bilateria;Protostomia;Lophotrochozoa;Platyhelminthes;Monogenea;Polyopisthocotylea;Diclybothriidae;'";"Diclybothrium armatum";"2006";"1";"2006";"0";"0";"1020";"15";"fwd";".CCUGGUUG-========================-UCUCAAAGA";"0";"0";"13151";"527";"rev";"CAGCAGCCG-=========================-UAUUAAAGU"
"Euk_18S_14";"KR269765";"10505957";"'Eukaryota;Amorphea;Obazoa;Opisthokonta;Holozoa;Choanozoa;Metazoa;Animalia;BCP clade;Bilateria;Protostomia;Lophotrochozoa;Platyhelminthes;Trematoda;Digenea;Strigeidida;'";"Diplostomum spathaceum";"1979";"728";"2706";"0";"0";"1020";"15";"fwd";".ACUGGUUG-========================-UCUCAGAGA";"0";"0";"13151";"527";"rev";"CAGCAGCCG-=========================-UAUUAAAGU"
"Euk_18S_14";"KR703279";"10595483";"'Eukaryota;Amorphea;Obazoa;Opisthokonta;Holozoa;Choanozoa;Metazoa;Animalia;BCP clade;Bilateria;Protostomia;Lophotrochozoa;Platyhelminthes;Trematoda;Digenea;Plagiorchiida;'";"Brachycladium goliath";"1993";"1413";"3405";"0";"0";"1020";"15";"fwd";".UCUGGUUG-========================-UCUCAGAGA";"0";"0";"13151";"527";"rev";"CAGCAGCCG-=========================-UAUUAAAGU"
"Euk_18S_14";"KX060596";"11205543";"'Eukaryota;Amorphea;Obazoa;Opisthokonta;Holozoa;Choanozoa;Metazoa;Animalia;BCP clade;Bilateria;Protostomia;Lophotrochozoa;Platyhelminthes;Cestoda;Eucestoda;Bothriocephalidea;'";"Schyzocotyle acheilognathi";"2243";"1203";"3445";"0";"0";"1020";"15";"fwd";".CCUGGUUG-========================-UCUCAAAGA";"0";"0";"13151";"527";"rev";"CAGCAGCCG-=========================-UAUUAAAGU"
"Euk_18S_14";"KX060597";"11205545";"'Eukaryota;Amorphea;Obazoa;Opisthokonta;Holozoa;Choanozoa;Metazoa;Animalia;BCP clade;Bilateria;Protostomia;Lophotrochozoa;Platyhelminthes;Cestoda;Eucestoda;Bothriocephalidea;'";"Schyzocotyle acheilognathi";"2265";"1217";"3481";"0";"0";"1020";"15";"fwd";".CCUGGUUG-========================-UCUCAAAGA";"0";"0";"13151";"527";"rev";"CAGCAGCCG-=========================-UAUUAAAGU"
"Euk_18S_14";"KX060598";"11205547";"'Eukaryota;Amorphea;Obazoa;Opisthokonta;Holozoa;Choanozoa;Metazoa;Animalia;BCP clade;Bilateria;Protostomia;Lophotrochozoa;Platyhelminthes;Cestoda;Eucestoda;Bothriocephalidea;'";"Schyzocotyle nayarensis";"2161";"1379";"3539";"0";"0";"1020";"15";"fwd";".CCUGGUUG-========================-UCUCAAAGA";"0";"0";"13151";"527";"rev";"CAGCAGCCG-=========================-UAUUAAAGU"
"Euk_18S_14";"KX506852";"11322535";"'Eukaryota;Amorphea;Obazoa;Opisthokonta;Holozoa;Choanozoa;Metazoa;Animalia;BCP clade;Bilateria;Protostomia;Lophotrochozoa;Platyhelminthes;Trematoda;Digenea;Plagiorchiida;'";"Diplodiscus japonicus";"1991";"1";"1991";"0";"0";"1020";"15";"fwd";".CCUGGUUG-========================-UCUCAGAGA";"0";"0";"13151";"527";"rev";"CAGCAGCCG-=========================-UAUUAAAGU"
"Euk_18S_14";"KX815125";"11423315";"'Eukaryota;Amorphea;Obazoa;Opisthokonta;Holozoa;Choanozoa;Metazoa;Animalia;BCP clade;Bilateria;Protostomia;Lophotrochozoa;Platyhelminthes;Trematoda;Digenea;Opisthorchiida;'";"Haplorchis pumilio";"1992";"1";"1992";"0";"0";"1020";"15";"fwd";".CCUGGUUG-========================-UCUCAGAGA";"0";"0";"13151";"527";"rev";"CAGCAGCCG-=========================-UAUUAAAGU"
"Euk_18S_14";"KX815126";"11423317";"'Eukaryota;Amorphea;Obazoa;Opisthokonta;Holozoa;Choanozoa;Metazoa;Animalia;BCP clade;Bilateria;Protostomia;Lophotrochozoa;Platyhelminthes;Trematoda;Digenea;Opisthorchiida;'";"Haplorchis taichui";"1992";"1";"1992";"0";"0";"1020";"15";"fwd";".CCUGGUUG-========================-UCUCAGAGA";"0";"0";"13151";"527";"rev";"CAGCAGCCG-=========================-UAUUAAAGU"
"Euk_18S_14";"KX821828";"11424785";"'Eukaryota;Amorphea;Obazoa;Opisthokonta;Holozoa;Choanozoa;Metazoa;Animalia;BCP clade;Bilateria;Protostomia;Ecdysozoa;Arthropoda;Hexapoda;Insecta;Pterygota;Neoptera;Hemiptera;'";"Husseyella turmalis";"1260";"1";"1260";"0";"0";"1020";"15";"fwd";".UCUGGUUG-========================-UCUCAAAGC";"0";"0";"13151";"527";"rev";"CAGCAGCCG-=========================-UAUUAAAGU"
"Euk_18S_14";"KX821830";"11424789";"'Eukaryota;Amorphea;Obazoa;Opisthokonta;Holozoa;Choanozoa;Metazoa;Animalia;BCP clade;Bilateria;Protostomia;Ecdysozoa;Arthropoda;Hexapoda;Insecta;Pterygota;Neoptera;Hemiptera;'";"Microvelia americana";"1904";"1";"1904";"0";"0";"1020";"15";"fwd";".UCUGGUUG-========================-UCUCAAAGC";"0";"0";"13151";"527";"rev";"CAGCAGCCG-=========================-UAUUAAAGC"
"Euk_18S_14";"L06566";"11727291";"'Eukaryota;Amorphea;Obazoa;Opisthokonta;Holozoa;Choanozoa;Metazoa;Animalia;BCP clade;Bilateria;Protostomia;Lophotrochozoa;Platyhelminthes;Trematoda;Digenea;Plagiorchiida;'";"Calicophoron calicophorum";"1982";"1";"1982";"0";"0";"1020";"15";"fwd";".CCUGGUUG-========================-UCUCAGAGA";"0";"0";"13151";"527";"rev";"CAGCAGCCG-=========================-UAUUAAAGU"
"Euk_18S_14";"L06567";"11727293";"'Eukaryota;Amorphea;Obazoa;Opisthokonta;Holozoa;Choanozoa;Metazoa;Animalia;BCP clade;Bilateria;Protostomia;Lophotrochozoa;Platyhelminthes;Trematoda;Digenea;Echinostomida;'";"Echinostoma caproni";"1977";"1";"1977";"0";"0";"1020";"15";"fwd";".CCUGGUUG-========================-UCUCAGAGA";"0";"0";"13151";"527";"rev";"CAGCAGCCG-=========================-UAUUAAAGU"
"Euk_18S_14";"L06668";"11727295";"'Eukaryota;Amorphea;Obazoa;Opisthokonta;Holozoa;Choanozoa;Metazoa;Animalia;BCP clade;Bilateria;Protostomia;Lophotrochozoa;Platyhelminthes;Trematoda;Digenea;Echinostomida;'";"Fasciolopsis buski";"1978";"1";"1978";"0";"0";"1020";"15";"fwd";".CCUGGUUG-========================-UCUCAGAGA";"0";"0";"13151";"527";"rev";"CAGCAGCCG-=========================-UAUUAAAGU"
"Euk_18S_14";"L06669";"11727297";"'Eukaryota;Amorphea;Obazoa;Opisthokonta;Holozoa;Choanozoa;Metazoa;Animalia;BCP clade;Bilateria;Protostomia;Lophotrochozoa;Platyhelminthes;Trematoda;Digenea;Opisthorchiida;'";"Gyliauchen sp.";"1964";"1";"1964";"0";"0";"1020";"15";"fwd";".CCUGGUUG-========================-UCUCAGAGA";"0";"0";"13151";"527";"rev";"CAGCAGCCG-=========================-UAUUAAAGU"
"Euk_18S_14";"L06670";"11727299";"'Eukaryota;Amorphea;Obazoa;Opisthokonta;Holozoa;Choanozoa;Metazoa;Animalia;BCP clade;Bilateria;Protostomia;Lophotrochozoa;Platyhelminthes;Trematoda;Digenea;Plagiorchiida;'";"Tetracerasta blepta";"1973";"1";"1973";"0";"0";"1020";"15";"fwd";".CCUGGUUG-========================-UCUCAGAGA";"0";"0";"13151";"527";"rev";"CAGCAGCCG-=========================-UAUUAAAGU"
"Euk_18S_14";"L16911";"11727867";"'Eukaryota;Amorphea;Obazoa;Opisthokonta;Holozoa;Choanozoa;Metazoa;Animalia;BCP clade;Bilateria;Protostomia;Lophotrochozoa;Platyhelminthes;Trematoda;Aspidogastrea;Aspidogastridae;'";"Lobatostoma manteri";"1976";"1";"1976";"0";"0";"1020";"15";"fwd";".CCUGGUUG-========================-UCUCAGAGA";"0";"0";"13151";"527";"rev";"CAGCAGCCG-=========================-UAUUAAAGU"
"Euk_18S_14";"LT607806";"12222671";"'Eukaryota;Amorphea;Obazoa;Opisthokonta;Holozoa;Choanozoa;Metazoa;Animalia;BCP clade;Bilateria;Protostomia;Lophotrochozoa;Platyhelminthes;Trematoda;Digenea;Azygiida;'";"Aphanurus mugilus";"2058";"1";"2058";"0";"0";"1020";"15";"fwd";".CCUGGUUG-========================-UCUCAGAGA";"0";"0";"13151";"527";"rev";"CAGCAGCCG-=========================-UAUUAAAGU"
"Euk_18S_14";"LT904762";"12342035";"'Eukaryota;Amorphea;Obazoa;Opisthokonta;Holozoa;Choanozoa;Metazoa;Animalia;BCP clade;Bilateria;Protostomia;Lophotrochozoa;Platyhelminthes;Trematoda;Digenea;Echinostomida;'";"Notocotylus intestinalis";"1971";"1";"1971";"0";"0";"1020";"15";"fwd";".CCUGGUUG-========================-UCUCAGAGA";"0";"0";"13151";"527";"rev";"CAGCAGCCG-=========================-UAUUAAAGU"
"Euk_18S_14";"LT904763";"12342037";"'Eukaryota;Amorphea;Obazoa;Opisthokonta;Holozoa;Choanozoa;Metazoa;Animalia;BCP clade;Bilateria;Protostomia;Lophotrochozoa;Platyhelminthes;Trematoda;Digenea;Echinostomida;'";"Sphaeridiotrema monorchis";"1987";"1";"1987";"0";"0";"1020";"15";"fwd";".CCUGGUUG-========================-UCUCAGAGA";"0";"0";"13151";"527";"rev";"CAGCAGCCG-=========================-UAUUAAAGU"
"Euk_18S_14";"M62652";"12382185";"'Eukaryota;Amorphea;Obazoa;Opisthokonta;Holozoa;Choanozoa;Metazoa;Animalia;BCP clade;Bilateria;Protostomia;Lophotrochozoa;Platyhelminthes;Trematoda;Digenea;Strigeidida;'";"Schistosoma mansoni";"1694";"46";"1739";"0";"0";"1020";"15";"fwd";".ACUGGUUG-========================-UCUCAGAGA";"0";"0";"13151";"527";"rev";"CAGCAGCCG-=========================-UAUUAAAGU"
"Euk_18S_14";"MF077353";"12400569";"'Eukaryota;Amorphea;Obazoa;Opisthokonta;Holozoa;Choanozoa;Metazoa;Animalia;BCP clade;Bilateria;Protostomia;Lophotrochozoa;Platyhelminthes;Trematoda;Digenea;Opisthorchiida;'";"Clonorchis sinensis";"1991";"1";"1991";"0";"0";"1020";"15";"fwd";".CCUGGUUG-========================-UCUCAGAGA";"0";"0";"13151";"527";"rev";"CAGCAGCCG-=========================-UAUUAAAGU"
"Euk_18S_14";"MF574733";"12675597";"'Eukaryota;Amorphea;Obazoa;Opisthokonta;Holozoa;Choanozoa;Metazoa;Animalia;BCP clade;Bilateria;Protostomia;Lophotrochozoa;Platyhelminthes;Rhabditophora;Rhabdocoela;Kalyptorhynchia;'";"Paraustrorhynchus sp. YL-2017";"1785";"1";"1785";"0";"0";"1020";"15";"fwd";"........G-========================-UCUCAAAGA";"0";"0";"13151";"527";"rev";"CAGCAGCCG-=========================-UAUUAAAGU"
"Euk_18S_14";"MH521248";"13121003";"'Eukaryota;Amorphea;Obazoa;Opisthokonta;Holozoa;Choanozoa;Metazoa;Animalia;BCP clade;Bilateria;Protostomia;Lophotrochozoa;Platyhelminthes;Trematoda;Digenea;Strigeidida;'";"Cotylurus marcogliesei";"1978";"469";"2446";"0";"0";"1020";"15";"fwd";".ACUGGUUG-========================-UCUCAGAGA";"0";"0";"13151";"527";"rev";"CAGCAGCCG-=========================-UAUUAAAGU"
"Euk_18S_14";"MH521250";"13121007";"'Eukaryota;Amorphea;Obazoa;Opisthokonta;Holozoa;Choanozoa;Metazoa;Animalia;BCP clade;Bilateria;Protostomia;Lophotrochozoa;Platyhelminthes;Trematoda;Digenea;Strigeidida;'";"Hysteromorpha triloba";"1978";"771";"2748";"0";"0";"1020";"15";"fwd";".ACUGGUUG-========================-UCUCAGAGA";"0";"0";"13151";"527";"rev";"CAGCAGCCG-=========================-UAUUAAAGU"
"Euk_18S_14";"MVGU01000001";"13236193";"'Eukaryota;Archaeplastida;Chloroplastida;Chlorophyta;Trebouxiophyceae;'";"Botryococcus braunii";"2186";"37377";"39562";"0";"0";"1020";"15";"fwd";".CCUGGUUG-========================-UCUCAAAGA";"0";"0";"13151";"527";"rev";"CAGCAGCCG-=========================-UAUUUAAGU"
"Euk_18S_14";"U27015";"18658499";"'Eukaryota;Amorphea;Obazoa;Opisthokonta;Holozoa;Choanozoa;Metazoa;Animalia;BCP clade;Bilateria;Protostomia;Lophotrochozoa;Platyhelminthes;Cestoda;Eucestoda;Cyclophyllidea;'";"Echinococcus granulosus";"2394";"1";"2394";"0";"0";"1020";"15";"fwd";".CCUGGUUG-========================-UCUCAAAGA";"0";"0";"13151";"527";"rev";"CAGCAGCCG-=========================-UAUUAAAGU"
"Euk_18S_14";"X55357";"18731821";"'Eukaryota;Amorphea;Obazoa;Opisthokonta;Holozoa;Choanozoa;Metazoa;Animalia;BCP clade;Bilateria;Protostomia;Lophotrochozoa;Platyhelminthes;Trematoda;Digenea;Opisthorchiida;'";"Opisthorchis viverrini";"1992";"1";"1992";"0";"0";"1020";"15";"fwd";".UCUGGUUG-========================-UCUCAGAGA";"0";"0";"13151";"527";"rev";"CAGCAGCCG-=========================-UAUUAAAGU"
"Euk_18S_14";"X99976";"18737679";"'Eukaryota;Amorphea;Obazoa;Opisthokonta;Holozoa;Choanozoa;Metazoa;Animalia;BCP clade;Bilateria;Protostomia;Lophotrochozoa;Platyhelminthes;Cestoda;Eucestoda;'";"Proteocephalus exiguus";"1934";"1";"1934";"0";"0";"1020";"15";"fwd";".CCUGGUUG-========================-UCUCAAAGA";"0";"0";"13151";"527";"rev";"CAGCAGCCG-=========================-UAUUAAAGU"
"Euk_18S_14";"Z23111";"18740117";"'Eukaryota;Amorphea;Obazoa;Opisthokonta;Holozoa;Choanozoa;Metazoa;Animalia;BCP clade;Bilateria;Protostomia;Lophotrochozoa;Platyhelminthes;Trematoda;Digenea;Azygiida;'";"Daphnia galeata";"1939";"1";"1939";"0";"0";"1020";"15";"fwd";".CCUGGUUG-========================-UCUCAGAGA";"0";"0";"13151";"527";"rev";"CAGCAGCCG-=========================-UAUUAAAGU"
