"","Primer_name","Phyla","Reads","Total_reads","Relative_abundance","Target","Gen","Max","Min","Assay"
"1","16S.1100.F16_100_F.1492R_100_R","Actinobacteria",2617,170509,0.015348163440053,"Bacteria","16S",500,400,"Test"
"2","16S.1100.F16_100_F.1492R_100_R","Bacteroidetes",4469,170509,0.0262097601886117,"Bacteria","16S",500,400,"Test"
"3","16S.1100.F16_100_F.1492R_100_R","Chlorophyta",8,170509,4.69183444862148e-05,"Bacteria","16S",500,400,"Test"
"4","16S.1100.F16_100_F.1492R_100_R","Firmicutes",156779,170509,0.919476391275534,"Bacteria","16S",500,400,"Test"
"5","16S.1100.F16_100_F.1492R_100_R","Fusobacteria",31,170509,0.000181808584884082,"Bacteria","16S",500,400,"Test"
"6","16S.1100.F16_100_F.1492R_100_R","Proteobacteria",6565,170509,0.038502366444,"Bacteria","16S",500,400,"Test"
"7","16S.1100.F16_100_F.1492R_100_R","Spirochaetes",23,170509,0.000134890240397868,"Bacteria","16S",500,400,"Test"
"8","16S.1100.F16_100_F.1492R_100_R","Streptophyta",3,170509,1.75943791823306e-05,"Bacteria","16S",500,400,"Test"
"9","16S.1100.F16_100_F.1492R_100_R","Tenericutes",14,170509,8.21071028508759e-05,"Bacteria","16S",500,400,"Test"
"10","16SA_L_110_F.16SB_H_110_R","Chordata",32512,32512,1,"Amphibia","16S",600,500,"Fox_Raccoon"
"11","18S_0067a_deg_3Mod_53_F.NSR399_3Mod_53_R","Annelida",16,77605,0.000206172282713743,"Eukaryota","18S",400,300,"Test"
"12","18S_0067a_deg_3Mod_53_F.NSR399_3Mod_53_R","Apicomplexa",38837,77605,0.500444558984601,"Eukaryota","18S",400,300,"Test"
"13","18S_0067a_deg_3Mod_53_F.NSR399_3Mod_53_R","Arthropoda",107,77605,0.00137877714064815,"Eukaryota","18S",400,300,"Test"
"14","18S_0067a_deg_3Mod_53_F.NSR399_3Mod_53_R","Ascomycota",14190,77605,0.182849043231751,"Eukaryota","18S",400,300,"Test"
"15","18S_0067a_deg_3Mod_53_F.NSR399_3Mod_53_R","Basidiomycota",3381,77605,0.0435667804909477,"Eukaryota","18S",400,300,"Test"
"16","18S_0067a_deg_3Mod_53_F.NSR399_3Mod_53_R","Blastocladiomycota",25,77605,0.000322144191740223,"Eukaryota","18S",400,300,"Test"
"17","18S_0067a_deg_3Mod_53_F.NSR399_3Mod_53_R","Chlorophyta",7426,77605,0.0956897107145158,"Eukaryota","18S",400,300,"Test"
"18","18S_0067a_deg_3Mod_53_F.NSR399_3Mod_53_R","Chordata",396,77605,0.00510276399716513,"Eukaryota","18S",400,300,"Test"
"19","18S_0067a_deg_3Mod_53_F.NSR399_3Mod_53_R","Chytridiomycota",68,77605,0.000876232201533406,"Eukaryota","18S",400,300,"Test"
"20","18S_0067a_deg_3Mod_53_F.NSR399_3Mod_53_R","Cnidaria",10,77605,0.000128857676696089,"Eukaryota","18S",400,300,"Test"
"21","18S_0067a_deg_3Mod_53_F.NSR399_3Mod_53_R","Cryptomycota",6,77605,7.73146060176535e-05,"Eukaryota","18S",400,300,"Test"
"22","18S_0067a_deg_3Mod_53_F.NSR399_3Mod_53_R","Mucoromycota",11978,77605,0.154345725146576,"Eukaryota","18S",400,300,"Test"
"23","18S_0067a_deg_3Mod_53_F.NSR399_3Mod_53_R","Platyhelminthes",981,77605,0.0126409380838863,"Eukaryota","18S",400,300,"Test"
"24","18S_0067a_deg_3Mod_53_F.NSR399_3Mod_53_R","Streptophyta",53,77605,0.000682945686489273,"Eukaryota","18S",400,300,"Test"
"25","18S_0067a_deg_3Mod_53_F.NSR399_3Mod_53_R","Zoopagomycota",131,77605,0.00168803556471877,"Eukaryota","18S",400,300,"Test"
"26","18S_0067a_deg_5Mod_52_F.NSR399_5Mod_52_R","Apicomplexa",71413,141179,0.505833020491716,"Eukaryota","18S",400,300,"Test"
"27","18S_0067a_deg_5Mod_52_F.NSR399_5Mod_52_R","Arthropoda",228,141179,0.00161497106510175,"Eukaryota","18S",400,300,"Test"
"28","18S_0067a_deg_5Mod_52_F.NSR399_5Mod_52_R","Ascomycota",27161,141179,0.192386969733459,"Eukaryota","18S",400,300,"Test"
"29","18S_0067a_deg_5Mod_52_F.NSR399_5Mod_52_R","Basidiomycota",4952,141179,0.0350760382209819,"Eukaryota","18S",400,300,"Test"
"30","18S_0067a_deg_5Mod_52_F.NSR399_5Mod_52_R","Blastocladiomycota",27,141179,0.000191246573498891,"Eukaryota","18S",400,300,"Test"
"31","18S_0067a_deg_5Mod_52_F.NSR399_5Mod_52_R","Chlorophyta",7953,141179,0.0563327407050624,"Eukaryota","18S",400,300,"Test"
"32","18S_0067a_deg_5Mod_52_F.NSR399_5Mod_52_R","Chordata",175,141179,0.00123956112452985,"Eukaryota","18S",400,300,"Test"
"33","18S_0067a_deg_5Mod_52_F.NSR399_5Mod_52_R","Chytridiomycota",604,141179,0.00427825668123446,"Eukaryota","18S",400,300,"Test"
"34","18S_0067a_deg_5Mod_52_F.NSR399_5Mod_52_R","Cnidaria",78,141179,0.00055249010121902,"Eukaryota","18S",400,300,"Test"
"35","18S_0067a_deg_5Mod_52_F.NSR399_5Mod_52_R","Colponemidia",5,141179,3.54160321294243e-05,"Eukaryota","18S",400,300,"Test"
"36","18S_0067a_deg_5Mod_52_F.NSR399_5Mod_52_R","Cryptomycota",4,141179,2.83328257035395e-05,"Eukaryota","18S",400,300,"Test"
"37","18S_0067a_deg_5Mod_52_F.NSR399_5Mod_52_R","Mucoromycota",25450,141179,0.18026760353877,"Eukaryota","18S",400,300,"Test"
"38","18S_0067a_deg_5Mod_52_F.NSR399_5Mod_52_R","Platyhelminthes",2967,141179,0.0210158734656004,"Eukaryota","18S",400,300,"Test"
"39","18S_0067a_deg_5Mod_52_F.NSR399_5Mod_52_R","Streptophyta",23,141179,0.000162913747795352,"Eukaryota","18S",400,300,"Test"
"40","18S_0067a_deg_5Mod_52_F.NSR399_5Mod_52_R","Zoopagomycota",139,141179,0.000984565693197997,"Eukaryota","18S",400,300,"Test"
"41","18S9modF_88_F.18S637modR_89_R","Apicomplexa",745,7599,0.0980392156862745,"Eukaryota","18S",700,600,"Test"
"42","18S9modF_88_F.18S637modR_89_R","Arthropoda",152,7599,0.0200026319252533,"Eukaryota","18S",700,600,"Test"
"43","18S9modF_88_F.18S637modR_89_R","Ascomycota",290,7599,0.0381629161731807,"Eukaryota","18S",700,600,"Test"
"44","18S9modF_88_F.18S637modR_89_R","Basidiomycota",178,7599,0.023424134754573,"Eukaryota","18S",700,600,"Test"
"45","18S9modF_88_F.18S637modR_89_R","Chlorophyta",96,7599,0.0126332412159495,"Eukaryota","18S",700,600,"Test"
"46","18S9modF_88_F.18S637modR_89_R","Chordata",3973,7599,0.522831951572575,"Eukaryota","18S",700,600,"Test"
"47","18S9modF_88_F.18S637modR_89_R","Chytridiomycota",7,7599,0.000921173838662982,"Eukaryota","18S",700,600,"Test"
"48","18S9modF_88_F.18S637modR_89_R","Cryptomycota",78,7599,0.0102645084879589,"Eukaryota","18S",700,600,"Test"
"49","18S9modF_88_F.18S637modR_89_R","Nematoda",202,7599,0.0265824450585603,"Eukaryota","18S",700,600,"Test"
"50","18S9modF_88_F.18S637modR_89_R","Platyhelminthes",1811,7599,0.23832083168838,"Eukaryota","18S",700,600,"Test"
"51","18S9modF_88_F.18S637modR_89_R","Streptophyta",67,7599,0.0088169495986314,"Eukaryota","18S",700,600,"Test"
"52","27M_F_98_F.CCR_98_R","Actinobacteria",14445,271197,0.0532638635383135,"Bacteria","16S",400,300,"Test"
"53","27M_F_98_F.CCR_98_R","Bacteroidetes",13990,271197,0.051586116365594,"Bacteria","16S",400,300,"Test"
"54","27M_F_98_F.CCR_98_R","Candidatus Melainabacteria",18,271197,6.63724156240666e-05,"Bacteria","16S",400,300,"Test"
"55","27M_F_98_F.CCR_98_R","Chlorophyta",4,271197,1.4749425694237e-05,"Bacteria","16S",400,300,"Test"
"56","27M_F_98_F.CCR_98_R","Deferribacteres",44,271197,0.000162243682636607,"Bacteria","16S",400,300,"Test"
"57","27M_F_98_F.CCR_98_R","Firmicutes",192294,271197,0.709056516111904,"Bacteria","16S",400,300,"Test"
"58","27M_F_98_F.CCR_98_R","Fusobacteria",22459,271197,0.0828143379167174,"Bacteria","16S",400,300,"Test"
"59","27M_F_98_F.CCR_98_R","Proteobacteria",27913,271197,0.10292517985081,"Bacteria","16S",400,300,"Test"
"60","27M_F_98_F.CCR_98_R","Streptophyta",15,271197,5.53103463533889e-05,"Bacteria","16S",400,300,"Test"
"61","27M_F_98_F.CCR_98_R","Tenericutes",15,271197,5.53103463533889e-05,"Bacteria","16S",400,300,"Test"
"62","515F_99_F.R1073_103_R","Actinobacteria",3190,23589,0.135232523633897,"Bacteria","16S",600,500,"Test"
"63","515F_99_F.R1073_103_R","Bacteroidetes",696,23589,0.0295052778837594,"Bacteria","16S",600,500,"Test"
"64","515F_99_F.R1073_103_R","Firmicutes",15328,23589,0.649794395692908,"Bacteria","16S",600,500,"Test"
"65","515F_99_F.R1073_103_R","Fusobacteria",2065,23589,0.0875408029166137,"Bacteria","16S",600,500,"Test"
"66","515F_99_F.R1073_103_R","Proteobacteria",2276,23589,0.0964856500911442,"Bacteria","16S",600,500,"Test"
"67","515F_99_F.R1073_103_R","Spirochaetes",15,23589,0.00063588960956378,"Bacteria","16S",600,500,"Test"
"68","515F_99_F.R1073_103_R","Tenericutes",19,23589,0.000805460172114121,"Bacteria","16S",600,500,"Test"
"69","ADM330_18_F.Klin0785_CR_19_R","Actinobacteria",3168,51080,0.0620203602192639,"Bacteria","16S",500,400,"Test"
"70","ADM330_18_F.Klin0785_CR_19_R","Bacteroidetes",1415,51080,0.0277016444792482,"Bacteria","16S",500,400,"Test"
"71","ADM330_18_F.Klin0785_CR_19_R","Candidatus Melainabacteria",11,51080,0.000215348472983555,"Bacteria","16S",500,400,"Test"
"72","ADM330_18_F.Klin0785_CR_19_R","Firmicutes",37699,51080,0.738038371182459,"Bacteria","16S",500,400,"Test"
"73","ADM330_18_F.Klin0785_CR_19_R","Fusobacteria",4836,51080,0.0946750195771339,"Bacteria","16S",500,400,"Test"
"74","ADM330_18_F.Klin0785_CR_19_R","Proteobacteria",3945,51080,0.0772317932654659,"Bacteria","16S",500,400,"Test"
"75","ADM330_18_F.Klin0785_CR_19_R","Streptophyta",6,51080,0.000117462803445576,"Bacteria","16S",500,400,"Test"
"76","Ave12F_91_F.Ave12R_92_R","Actinobacteria",46,9021,0.00509921294756679,"Metazoa","16S",200,100,"Test"
"77","Ave12F_91_F.Ave12R_92_R","Chordata",8916,9021,0.988360492184902,"Metazoa","16S",200,100,"Test"
"78","Ave12F_91_F.Ave12R_92_R","Proteobacteria",59,9021,0.00654029486753132,"Metazoa","16S",200,100,"Test"
"79","Coleop_16Sc_68_F.Coleop_16Sd_68_R","Arthropoda",662,5699,0.116160729952623,"Metazoa","16S",200,100,"Test"
"80","Coleop_16Sc_68_F.Coleop_16Sd_68_R","Chordata",5037,5699,0.883839270047377,"Metazoa","16S",200,100,"Test"
"81","D3A_5Mod_46_F.D3B_5Mod_46_R","Acanthocephala",8,488576,1.63741157977469e-05,"Eukaryota","28S",400,300,"Test"
"82","D3A_5Mod_46_F.D3B_5Mod_46_R","Annelida",6,488576,1.22805868483102e-05,"Eukaryota","28S",400,300,"Test"
"83","D3A_5Mod_46_F.D3B_5Mod_46_R","Apicomplexa",17575,488576,0.0359718856431753,"Eukaryota","28S",400,300,"Test"
"84","D3A_5Mod_46_F.D3B_5Mod_46_R","Arthropoda",18664,488576,0.0382008121561436,"Eukaryota","28S",400,300,"Test"
"85","D3A_5Mod_46_F.D3B_5Mod_46_R","Ascomycota",81256,488576,0.166311894157715,"Eukaryota","28S",400,300,"Test"
"86","D3A_5Mod_46_F.D3B_5Mod_46_R","Basidiomycota",58507,488576,0.119750049122347,"Eukaryota","28S",400,300,"Test"
"87","D3A_5Mod_46_F.D3B_5Mod_46_R","Chlorophyta",1360,488576,0.00278359968561698,"Eukaryota","28S",400,300,"Test"
"88","D3A_5Mod_46_F.D3B_5Mod_46_R","Chordata",4656,488576,0.00952973539428871,"Eukaryota","28S",400,300,"Test"
"89","D3A_5Mod_46_F.D3B_5Mod_46_R","Chromerida",19,488576,3.88885250196489e-05,"Eukaryota","28S",400,300,"Test"
"90","D3A_5Mod_46_F.D3B_5Mod_46_R","Chytridiomycota",82,488576,0.000167834686926906,"Eukaryota","28S",400,300,"Test"
"91","D3A_5Mod_46_F.D3B_5Mod_46_R","Cnidaria",11,488576,2.2514409221902e-05,"Eukaryota","28S",400,300,"Test"
"92","D3A_5Mod_46_F.D3B_5Mod_46_R","Microsporidia",141,488576,0.00028859379093529,"Eukaryota","28S",400,300,"Test"
"93","D3A_5Mod_46_F.D3B_5Mod_46_R","Mucoromycota",129548,488576,0.265154244170815,"Eukaryota","28S",400,300,"Test"
"94","D3A_5Mod_46_F.D3B_5Mod_46_R","Nematoda",165183,488576,0.338090696227404,"Eukaryota","28S",400,300,"Test"
"95","D3A_5Mod_46_F.D3B_5Mod_46_R","Olpidiomycota",39,488576,7.98238145140162e-05,"Eukaryota","28S",400,300,"Test"
"96","D3A_5Mod_46_F.D3B_5Mod_46_R","Picozoa",48,488576,9.82446947864815e-05,"Eukaryota","28S",400,300,"Test"
"97","D3A_5Mod_46_F.D3B_5Mod_46_R","Platyhelminthes",6170,488576,0.0126285368090123,"Eukaryota","28S",400,300,"Test"
"98","D3A_5Mod_46_F.D3B_5Mod_46_R","Rotifera",21,488576,4.29820539690857e-05,"Eukaryota","28S",400,300,"Test"
"99","D3A_5Mod_46_F.D3B_5Mod_46_R","Streptophyta",4767,488576,0.00975692625098245,"Eukaryota","28S",400,300,"Test"
"100","D3A_5Mod_46_F.D3B_5Mod_46_R","Tardigrada",92,488576,0.00018830233167409,"Eukaryota","28S",400,300,"Test"
"101","D3A_5Mod_46_F.D3B_5Mod_46_R","Zoopagomycota",423,488576,0.000865781372805868,"Eukaryota","28S",400,300,"Test"
"102","F1073_101_F.1492R_100_R","Actinobacteria",6069,107326,0.0565473417438459,"Bacteria","16S",500,400,"Test"
"103","F1073_101_F.1492R_100_R","Bacteroidetes",2286,107326,0.0212995918975831,"Bacteria","16S",500,400,"Test"
"104","F1073_101_F.1492R_100_R","Chlorophyta",3,107326,2.79522203380355e-05,"Bacteria","16S",500,400,"Test"
"105","F1073_101_F.1492R_100_R","Deferribacteres",15,107326,0.000139761101690178,"Bacteria","16S",500,400,"Test"
"106","F1073_101_F.1492R_100_R","Firmicutes",94607,107326,0.881491903173509,"Bacteria","16S",500,400,"Test"
"107","F1073_101_F.1492R_100_R","Fusobacteria",55,107326,0.000512457372863984,"Bacteria","16S",500,400,"Test"
"108","F1073_101_F.1492R_100_R","Proteobacteria",4288,107326,0.0399530402698321,"Bacteria","16S",500,400,"Test"
"109","F1073_101_F.1492R_100_R","Spirochaetes",2,107326,1.86348135586903e-05,"Bacteria","16S",500,400,"Test"
"110","F1073_101_F.1492R_100_R","Streptophyta",1,107326,9.31740677934517e-06,"Bacteria","16S",500,400,"Test"
"111","F52_69_F.R193_69_R","Streptophyta",68060,68060,1,"Viridiplantae","rbcL",200,100,"Test"
"112","fwhF2_106_F.fwhR2n_106_R","Annelida",667,11361,0.0587096206319866,"Eukaryota","COI",300,200,"Fox_Raccoon"
"113","fwhF2_106_F.fwhR2n_106_R","Arthropoda",2190,11361,0.192764721415368,"Eukaryota","COI",300,200,"Fox_Raccoon"
"114","fwhF2_106_F.fwhR2n_106_R","Ascomycota",862,11361,0.0758736026758208,"Eukaryota","COI",300,200,"Fox_Raccoon"
"115","fwhF2_106_F.fwhR2n_106_R","Basidiomycota",2359,11361,0.207640172520025,"Eukaryota","COI",300,200,"Fox_Raccoon"
"116","fwhF2_106_F.fwhR2n_106_R","Chordata",850,11361,0.0748173576269695,"Eukaryota","COI",300,200,"Fox_Raccoon"
"117","fwhF2_106_F.fwhR2n_106_R","Cnidaria",34,11361,0.00299269430507878,"Eukaryota","COI",300,200,"Fox_Raccoon"
"118","fwhF2_106_F.fwhR2n_106_R","Mucoromycota",1319,11361,0.116098934952909,"Eukaryota","COI",300,200,"Fox_Raccoon"
"119","fwhF2_106_F.fwhR2n_106_R","Nematoda",3016,11361,0.265469588944635,"Eukaryota","COI",300,200,"Fox_Raccoon"
"120","fwhF2_106_F.fwhR2n_106_R","Tardigrada",64,11361,0.00563330692720711,"Eukaryota","COI",300,200,"Fox_Raccoon"
"121","Gen_600_7_F.Hadz_1200_5_R","Apicomplexa",1047,8850,0.118305084745763,"Eukaryota","18S",600,500,"Test"
"122","Gen_600_7_F.Hadz_1200_5_R","Arthropoda",19,8850,0.00214689265536723,"Eukaryota","18S",600,500,"Test"
"123","Gen_600_7_F.Hadz_1200_5_R","Ascomycota",259,8850,0.0292655367231638,"Eukaryota","18S",600,500,"Test"
"124","Gen_600_7_F.Hadz_1200_5_R","Basidiomycota",120,8850,0.0135593220338983,"Eukaryota","18S",600,500,"Test"
"125","Gen_600_7_F.Hadz_1200_5_R","Chlorophyta",6,8850,0.000677966101694915,"Eukaryota","18S",600,500,"Test"
"126","Gen_600_7_F.Hadz_1200_5_R","Microsporidia",11,8850,0.00124293785310734,"Eukaryota","18S",600,500,"Test"
"127","Gen_600_7_F.Hadz_1200_5_R","Mucoromycota",1300,8850,0.146892655367232,"Eukaryota","18S",600,500,"Test"
"128","Gen_600_7_F.Hadz_1200_5_R","Nematoda",6052,8850,0.683841807909604,"Eukaryota","18S",600,500,"Test"
"129","Gen_600_7_F.Hadz_1200_5_R","Platyhelminthes",25,8850,0.00282485875706215,"Eukaryota","18S",600,500,"Test"
"130","Gen_600_7_F.Hadz_1200_5_R","Rotifera",2,8850,0.000225988700564972,"Eukaryota","18S",600,500,"Test"
"131","Gen_600_7_F.Hadz_1200_5_R","Streptophyta",9,8850,0.00101694915254237,"Eukaryota","18S",600,500,"Test"
"132","Gen_600_7_F.Mach2Gen_7_R","Annelida",13,18715,0.000694629975955116,"Eukaryota","18S",400,300,"Test"
"133","Gen_600_7_F.Mach2Gen_7_R","Apicomplexa",794,18715,0.0424258616083356,"Eukaryota","18S",400,300,"Test"
"134","Gen_600_7_F.Mach2Gen_7_R","Arthropoda",33,18715,0.00176329147742453,"Eukaryota","18S",400,300,"Test"
"135","Gen_600_7_F.Mach2Gen_7_R","Ascomycota",824,18715,0.0440288538605397,"Eukaryota","18S",400,300,"Test"
"136","Gen_600_7_F.Mach2Gen_7_R","Basidiomycota",229,18715,0.0122361741918247,"Eukaryota","18S",400,300,"Test"
"137","Gen_600_7_F.Mach2Gen_7_R","Chlorophyta",18,18715,0.000961795351322469,"Eukaryota","18S",400,300,"Test"
"138","Gen_600_7_F.Mach2Gen_7_R","Mucoromycota",2523,18715,0.134811648410366,"Eukaryota","18S",400,300,"Test"
"139","Gen_600_7_F.Mach2Gen_7_R","Nematoda",14160,18715,0.756612343040342,"Eukaryota","18S",400,300,"Test"
"140","Gen_600_7_F.Mach2Gen_7_R","Platyhelminthes",114,18715,0.00609137055837563,"Eukaryota","18S",400,300,"Test"
"141","Gen_600_7_F.Mach2Gen_7_R","Streptophyta",7,18715,0.000374031525514293,"Eukaryota","18S",400,300,"Test"
"142","Gen_600_7_F.Nem_0425_4_2_R","Annelida",261,12161,0.0214620508181893,"Eukaryota","18S",400,300,"Test"
"143","Gen_600_7_F.Nem_0425_4_2_R","Apicomplexa",337,12161,0.0277115368801908,"Eukaryota","18S",400,300,"Test"
"144","Gen_600_7_F.Nem_0425_4_2_R","Arthropoda",367,12161,0.0301784392730861,"Eukaryota","18S",400,300,"Test"
"145","Gen_600_7_F.Nem_0425_4_2_R","Ascomycota",1297,12161,0.106652413452841,"Eukaryota","18S",400,300,"Test"
"146","Gen_600_7_F.Nem_0425_4_2_R","Basidiomycota",2569,12161,0.211249074911603,"Eukaryota","18S",400,300,"Test"
"147","Gen_600_7_F.Nem_0425_4_2_R","Chlorophyta",57,12161,0.00468711454650111,"Eukaryota","18S",400,300,"Test"
"148","Gen_600_7_F.Nem_0425_4_2_R","Chordata",37,12161,0.00304251295123756,"Eukaryota","18S",400,300,"Test"
"149","Gen_600_7_F.Nem_0425_4_2_R","Cryptomycota",4,12161,0.00032892031905271,"Eukaryota","18S",400,300,"Test"
"150","Gen_600_7_F.Nem_0425_4_2_R","Mucoromycota",333,12161,0.0273826165611381,"Eukaryota","18S",400,300,"Test"
"151","Gen_600_7_F.Nem_0425_4_2_R","Nematoda",6403,12161,0.526519200723625,"Eukaryota","18S",400,300,"Test"
"152","Gen_600_7_F.Nem_0425_4_2_R","Olpidiomycota",5,12161,0.000411150398815887,"Eukaryota","18S",400,300,"Test"
"153","Gen_600_7_F.Nem_0425_4_2_R","Platyhelminthes",128,12161,0.0105254502096867,"Eukaryota","18S",400,300,"Test"
"154","Gen_600_7_F.Nem_0425_4_2_R","Rotifera",7,12161,0.000575610558342242,"Eukaryota","18S",400,300,"Test"
"155","Gen_600_7_F.Nem_0425_4_2_R","Streptophyta",326,12161,0.0268070060027958,"Eukaryota","18S",400,300,"Test"
"156","Gen_600_7_F.Nem_0425_4_2_R","Tardigrada",30,12161,0.00246690239289532,"Eukaryota","18S",400,300,"Test"
"157","Hadz_566_6_F.Mach2Gen_7_R","Apicomplexa",317,10867,0.0291708843287016,"Eukaryota","18S",600,500,"Test"
"158","Hadz_566_6_F.Mach2Gen_7_R","Arthropoda",17,10867,0.00156436919112911,"Eukaryota","18S",600,500,"Test"
"159","Hadz_566_6_F.Mach2Gen_7_R","Ascomycota",328,10867,0.0301831232170792,"Eukaryota","18S",600,500,"Test"
"160","Hadz_566_6_F.Mach2Gen_7_R","Basidiomycota",15,10867,0.00138032575687862,"Eukaryota","18S",600,500,"Test"
"161","Hadz_566_6_F.Mach2Gen_7_R","Mucoromycota",1517,10867,0.139596944878991,"Eukaryota","18S",600,500,"Test"
"162","Hadz_566_6_F.Mach2Gen_7_R","Nematoda",8617,10867,0.792951136468206,"Eukaryota","18S",600,500,"Test"
"163","Hadz_566_6_F.Mach2Gen_7_R","Platyhelminthes",51,10867,0.00469310757338732,"Eukaryota","18S",600,500,"Test"
"164","Hadz_566_6_F.Mach2Gen_7_R","Tardigrada",5,10867,0.000460108585626208,"Eukaryota","18S",600,500,"Test"
"165","Hadz_566_6_F.Nem_0425_4_2_R","Apicomplexa",43,6770,0.00635155096011817,"Eukaryota","18S",400,300,"Test"
"166","Hadz_566_6_F.Nem_0425_4_2_R","Arthropoda",276,6770,0.040768094534712,"Eukaryota","18S",400,300,"Test"
"167","Hadz_566_6_F.Nem_0425_4_2_R","Ascomycota",619,6770,0.0914327917282127,"Eukaryota","18S",400,300,"Test"
"168","Hadz_566_6_F.Nem_0425_4_2_R","Basidiomycota",1012,6770,0.149483013293944,"Eukaryota","18S",400,300,"Test"
"169","Hadz_566_6_F.Nem_0425_4_2_R","Chlorophyta",10,6770,0.00147710487444609,"Eukaryota","18S",400,300,"Test"
"170","Hadz_566_6_F.Nem_0425_4_2_R","Chordata",295,6770,0.0435745937961595,"Eukaryota","18S",400,300,"Test"
"171","Hadz_566_6_F.Nem_0425_4_2_R","Mucoromycota",632,6770,0.0933530280649926,"Eukaryota","18S",400,300,"Test"
"172","Hadz_566_6_F.Nem_0425_4_2_R","Nematoda",3340,6770,0.493353028064993,"Eukaryota","18S",400,300,"Test"
"173","Hadz_566_6_F.Nem_0425_4_2_R","Olpidiomycota",2,6770,0.000295420974889217,"Eukaryota","18S",400,300,"Test"
"174","Hadz_566_6_F.Nem_0425_4_2_R","Platyhelminthes",128,6770,0.0189069423929099,"Eukaryota","18S",400,300,"Test"
"175","Hadz_566_6_F.Nem_0425_4_2_R","Rotifera",14,6770,0.00206794682422452,"Eukaryota","18S",400,300,"Test"
"176","Hadz_566_6_F.Nem_0425_4_2_R","Streptophyta",309,6770,0.045642540620384,"Eukaryota","18S",400,300,"Test"
"177","Hadz_566_6_F.Nem_0425_4_2_R","Tardigrada",90,6770,0.0132939438700148,"Eukaryota","18S",400,300,"Test"
"178","Ins16S_1shortF_70_F.Ins16S_1shortR_70_R","Arthropoda",944,48637,0.0194090918436581,"Metazoa","16S",200,100,"Test"
"179","Ins16S_1shortF_70_F.Ins16S_1shortR_70_R","Chordata",47693,48637,0.980590908156342,"Metazoa","16S",200,100,"Test"
"180","Klin0341_19_F.Klin0785_CR_19_R","Actinobacteria",3117,53280,0.0585022522522523,"Bacteria","16S",500,400,"Test"
"181","Klin0341_19_F.Klin0785_CR_19_R","Bacteroidetes",1605,53280,0.0301238738738739,"Bacteria","16S",500,400,"Test"
"182","Klin0341_19_F.Klin0785_CR_19_R","Firmicutes",38423,53280,0.721152402402402,"Bacteria","16S",500,400,"Test"
"183","Klin0341_19_F.Klin0785_CR_19_R","Fusobacteria",5461,53280,0.102496246246246,"Bacteria","16S",500,400,"Test"
"184","Klin0341_19_F.Klin0785_CR_19_R","Proteobacteria",4374,53280,0.0820945945945946,"Bacteria","16S",500,400,"Test"
"185","Klin0341_19_F.Klin0785_CR_19_R","Streptophyta",6,53280,0.000112612612612613,"Bacteria","16S",500,400,"Test"
"186","Klin0341_19_F.Klin0785_CR_19_R","Tenericutes",294,53280,0.00551801801801802,"Bacteria","16S",500,400,"Test"
"187","L2513_64_F.H2714_64_R","Chordata",997486,997486,1,"Metazoa","16S",300,200,"Test"
"188","LSU_Fwd_2_3Mod_55_F.LSU_Rev_4_54_R","Annelida",134,80815,0.0016581080245004,"Eukaryota","28S",500,400,"Test"
"189","LSU_Fwd_2_3Mod_55_F.LSU_Rev_4_54_R","Apicomplexa",9776,80815,0.120967642145641,"Eukaryota","28S",500,400,"Test"
"190","LSU_Fwd_2_3Mod_55_F.LSU_Rev_4_54_R","Arthropoda",113,80815,0.00139825527439213,"Eukaryota","28S",500,400,"Test"
"191","LSU_Fwd_2_3Mod_55_F.LSU_Rev_4_54_R","Ascomycota",4109,80815,0.0508445214378519,"Eukaryota","28S",500,400,"Test"
"192","LSU_Fwd_2_3Mod_55_F.LSU_Rev_4_54_R","Bacillariophyta",515,80815,0.00637257934789334,"Eukaryota","28S",500,400,"Test"
"193","LSU_Fwd_2_3Mod_55_F.LSU_Rev_4_54_R","Basidiomycota",39147,80815,0.484402648023263,"Eukaryota","28S",500,400,"Test"
"194","LSU_Fwd_2_3Mod_55_F.LSU_Rev_4_54_R","Chlorophyta",13232,80815,0.163731980449174,"Eukaryota","28S",500,400,"Test"
"195","LSU_Fwd_2_3Mod_55_F.LSU_Rev_4_54_R","Chytridiomycota",571,80815,0.00706552001484873,"Eukaryota","28S",500,400,"Test"
"196","LSU_Fwd_2_3Mod_55_F.LSU_Rev_4_54_R","Cryptomycota",56,80815,0.000692940666955392,"Eukaryota","28S",500,400,"Test"
"197","LSU_Fwd_2_3Mod_55_F.LSU_Rev_4_54_R","Mucoromycota",12681,80815,0.156913939243952,"Eukaryota","28S",500,400,"Test"
"198","LSU_Fwd_2_3Mod_55_F.LSU_Rev_4_54_R","Nematoda",50,80815,0.000618697024067314,"Eukaryota","28S",500,400,"Test"
"199","LSU_Fwd_2_3Mod_55_F.LSU_Rev_4_54_R","Platyhelminthes",11,80815,0.000136113345294809,"Eukaryota","28S",500,400,"Test"
"200","LSU_Fwd_2_3Mod_55_F.LSU_Rev_4_54_R","Streptophyta",420,80815,0.00519705500216544,"Eukaryota","28S",500,400,"Test"
"201","Mach1_9_F.Mach2Gen_7_R","Annelida",7,10654,0.000657030223390276,"Eukaryota","18S",600,500,"Test"
"202","Mach1_9_F.Mach2Gen_7_R","Apicomplexa",355,10654,0.0333208184719354,"Eukaryota","18S",600,500,"Test"
"203","Mach1_9_F.Mach2Gen_7_R","Arthropoda",49,10654,0.00459921156373193,"Eukaryota","18S",600,500,"Test"
"204","Mach1_9_F.Mach2Gen_7_R","Ascomycota",513,10654,0.0481509292284588,"Eukaryota","18S",600,500,"Test"
"205","Mach1_9_F.Mach2Gen_7_R","Basidiomycota",139,10654,0.0130467430073212,"Eukaryota","18S",600,500,"Test"
"206","Mach1_9_F.Mach2Gen_7_R","Chlorophyta",24,10654,0.0022526750516238,"Eukaryota","18S",600,500,"Test"
"207","Mach1_9_F.Mach2Gen_7_R","Firmicutes",751,10654,0.0704899568237282,"Eukaryota","18S",600,500,"Test"
"208","Mach1_9_F.Mach2Gen_7_R","Mucoromycota",1534,10654,0.143983480382955,"Eukaryota","18S",600,500,"Test"
"209","Mach1_9_F.Mach2Gen_7_R","Nematoda",6918,10654,0.649333583630561,"Eukaryota","18S",600,500,"Test"
"210","Mach1_9_F.Mach2Gen_7_R","Platyhelminthes",43,10654,0.00403604280082598,"Eukaryota","18S",600,500,"Test"
"211","Mach1_9_F.Mach2Gen_7_R","Proteobacteria",300,10654,0.0281584381452975,"Eukaryota","18S",600,500,"Test"
"212","Mach1_9_F.Mach2Gen_7_R","Streptophyta",13,10654,0.00122019898629623,"Eukaryota","18S",600,500,"Test"
"213","Mach1_9_F.Mach2Gen_7_R","Tardigrada",8,10654,0.000750891683874601,"Eukaryota","18S",600,500,"Test"
"214","MarkN_10_F.Euk360_CR_21_R","Annelida",543,52953,0.0102543765225766,"Eukaryota","18S",400,300,"Test"
"215","MarkN_10_F.Euk360_CR_21_R","Apicomplexa",1478,52953,0.0279115441995732,"Eukaryota","18S",400,300,"Test"
"216","MarkN_10_F.Euk360_CR_21_R","Arthropoda",3462,52953,0.0653787320831681,"Eukaryota","18S",400,300,"Test"
"217","MarkN_10_F.Euk360_CR_21_R","Ascomycota",6932,52953,0.130908541536835,"Eukaryota","18S",400,300,"Test"
"218","MarkN_10_F.Euk360_CR_21_R","Bacillariophyta",2,52953,3.77693426245916e-05,"Eukaryota","18S",400,300,"Test"
"219","MarkN_10_F.Euk360_CR_21_R","Basidiomycota",2267,52953,0.0428115498649746,"Eukaryota","18S",400,300,"Test"
"220","MarkN_10_F.Euk360_CR_21_R","Bryozoa",21,52953,0.000396578097558212,"Eukaryota","18S",400,300,"Test"
"221","MarkN_10_F.Euk360_CR_21_R","Chlorophyta",3885,52953,0.0733669480482692,"Eukaryota","18S",400,300,"Test"
"222","MarkN_10_F.Euk360_CR_21_R","Chordata",9969,52953,0.188261288312277,"Eukaryota","18S",400,300,"Test"
"223","MarkN_10_F.Euk360_CR_21_R","Chytridiomycota",9,52953,0.000169962041810662,"Eukaryota","18S",400,300,"Test"
"224","MarkN_10_F.Euk360_CR_21_R","Cryptomycota",22,52953,0.000415462768870508,"Eukaryota","18S",400,300,"Test"
"225","MarkN_10_F.Euk360_CR_21_R","Microsporidia",16,52953,0.000302154740996733,"Eukaryota","18S",400,300,"Test"
"226","MarkN_10_F.Euk360_CR_21_R","Mucoromycota",15245,52953,0.28789681415595,"Eukaryota","18S",400,300,"Test"
"227","MarkN_10_F.Euk360_CR_21_R","Nematoda",202,52953,0.00381470360508375,"Eukaryota","18S",400,300,"Test"
"228","MarkN_10_F.Euk360_CR_21_R","Platyhelminthes",6712,52953,0.126753913848129,"Eukaryota","18S",400,300,"Test"
"229","MarkN_10_F.Euk360_CR_21_R","Streptophyta",1875,52953,0.0354087587105546,"Eukaryota","18S",400,300,"Test"
"230","MarkN_10_F.Euk360_CR_21_R","Tardigrada",313,52953,0.00591090212074859,"Eukaryota","18S",400,300,"Test"
"231","MarkN_10_F.Proti440R_28_R","Apicomplexa",1284,132024,0.00972550445373568,"Eukaryota","18S",400,300,"Test"
"232","MarkN_10_F.Proti440R_28_R","Arthropoda",4579,132024,0.0346830879234079,"Eukaryota","18S",400,300,"Test"
"233","MarkN_10_F.Proti440R_28_R","Ascomycota",10156,132024,0.0769254075016664,"Eukaryota","18S",400,300,"Test"
"234","MarkN_10_F.Proti440R_28_R","Basidiomycota",2386,132024,0.0180724716718172,"Eukaryota","18S",400,300,"Test"
"235","MarkN_10_F.Proti440R_28_R","Bryozoa",19,132024,0.000143913227897958,"Eukaryota","18S",400,300,"Test"
"236","MarkN_10_F.Proti440R_28_R","Chlorophyta",4697,132024,0.0355768648124583,"Eukaryota","18S",400,300,"Test"
"237","MarkN_10_F.Proti440R_28_R","Chordata",75356,132024,0.570775010604133,"Eukaryota","18S",400,300,"Test"
"238","MarkN_10_F.Proti440R_28_R","Chytridiomycota",89,132024,0.000674119856995698,"Eukaryota","18S",400,300,"Test"
"239","MarkN_10_F.Proti440R_28_R","Microsporidia",42,132024,0.000318123977458644,"Eukaryota","18S",400,300,"Test"
"240","MarkN_10_F.Proti440R_28_R","Mucoromycota",18426,132024,0.139565533539356,"Eukaryota","18S",400,300,"Test"
"241","MarkN_10_F.Proti440R_28_R","Nematoda",1247,132024,0.00944525237835545,"Eukaryota","18S",400,300,"Test"
"242","MarkN_10_F.Proti440R_28_R","Platyhelminthes",11370,132024,0.0861207053263043,"Eukaryota","18S",400,300,"Test"
"243","MarkN_10_F.Proti440R_28_R","Streptophyta",2228,132024,0.0168757195661395,"Eukaryota","18S",400,300,"Test"
"244","MarkN_10_F.Proti440R_28_R","Tardigrada",145,132024,0.00109828516027389,"Eukaryota","18S",400,300,"Test"
"245","mlCOIintF_XT_104_F.JgHCO2198_104_R","Apicomplexa",97,32873,0.00295074985550452,"Eukaryota","COI",400,300,"Fox_Raccoon"
"246","mlCOIintF_XT_104_F.JgHCO2198_104_R","Arthropoda",4107,32873,0.124935357284093,"Eukaryota","COI",400,300,"Fox_Raccoon"
"247","mlCOIintF_XT_104_F.JgHCO2198_104_R","Ascomycota",503,32873,0.0153013111063791,"Eukaryota","COI",400,300,"Fox_Raccoon"
"248","mlCOIintF_XT_104_F.JgHCO2198_104_R","Basidiomycota",111,32873,0.00337663127794847,"Eukaryota","COI",400,300,"Fox_Raccoon"
"249","mlCOIintF_XT_104_F.JgHCO2198_104_R","Chlorophyta",126,32873,0.00383293280199556,"Eukaryota","COI",400,300,"Fox_Raccoon"
"250","mlCOIintF_XT_104_F.JgHCO2198_104_R","Chordata",17835,32873,0.54254251209199,"Eukaryota","COI",400,300,"Fox_Raccoon"
"251","mlCOIintF_XT_104_F.JgHCO2198_104_R","Mucoromycota",7459,32873,0.226903537857816,"Eukaryota","COI",400,300,"Fox_Raccoon"
"252","mlCOIintF_XT_104_F.JgHCO2198_104_R","Nematoda",2635,32873,0.0801569677242722,"Eukaryota","COI",400,300,"Fox_Raccoon"
"253","NdmlCOIlintF_1_72_F.dgHCO2198_72_R","Arthropoda",3962,20090,0.197212543554007,"Eukaryota","COI",400,300,"Test"
"254","NdmlCOIlintF_1_72_F.dgHCO2198_72_R","Ascomycota",227,20090,0.0112991538078646,"Eukaryota","COI",400,300,"Test"
"255","NdmlCOIlintF_1_72_F.dgHCO2198_72_R","Basidiomycota",33,20090,0.00164260826281732,"Eukaryota","COI",400,300,"Test"
"256","NdmlCOIlintF_1_72_F.dgHCO2198_72_R","Chordata",15800,20090,0.786460925833748,"Eukaryota","COI",400,300,"Test"
"257","NdmlCOIlintF_1_72_F.dgHCO2198_72_R","Mucoromycota",61,20090,0.00303633648581384,"Eukaryota","COI",400,300,"Test"
"258","NdmlCOIlintF_1_72_F.dgHCO2198_72_R","Nematoda",7,20090,0.000348432055749129,"Eukaryota","COI",400,300,"Test"
"259","Nem_0425_6CR_14_F.EukB_MH_24_R","Annelida",21,34681,0.000605518872004844,"Eukaryota","18S",400,300,"Test"
"260","Nem_0425_6CR_14_F.EukB_MH_24_R","Apicomplexa",9209,34681,0.265534442490124,"Eukaryota","18S",400,300,"Test"
"261","Nem_0425_6CR_14_F.EukB_MH_24_R","Arthropoda",2773,34681,0.0799573253366397,"Eukaryota","18S",400,300,"Test"
"262","Nem_0425_6CR_14_F.EukB_MH_24_R","Ascomycota",4798,34681,0.138346645137107,"Eukaryota","18S",400,300,"Test"
"263","Nem_0425_6CR_14_F.EukB_MH_24_R","Basidiomycota",3132,34681,0.0903088146247225,"Eukaryota","18S",400,300,"Test"
"264","Nem_0425_6CR_14_F.EukB_MH_24_R","Chlorophyta",102,34681,0.00294109166402353,"Eukaryota","18S",400,300,"Test"
"265","Nem_0425_6CR_14_F.EukB_MH_24_R","Cryptomycota",17,34681,0.000490181944003921,"Eukaryota","18S",400,300,"Test"
"266","Nem_0425_6CR_14_F.EukB_MH_24_R","Mucoromycota",11176,34681,0.322251376834578,"Eukaryota","18S",400,300,"Test"
"267","Nem_0425_6CR_14_F.EukB_MH_24_R","Nematoda",361,34681,0.0104091577520833,"Eukaryota","18S",400,300,"Test"
"268","Nem_0425_6CR_14_F.EukB_MH_24_R","Olpidiomycota",9,34681,0.000259508088002076,"Eukaryota","18S",400,300,"Test"
"269","Nem_0425_6CR_14_F.EukB_MH_24_R","Platyhelminthes",2880,34681,0.0830425881606643,"Eukaryota","18S",400,300,"Test"
"270","Nem_0425_6CR_14_F.EukB_MH_24_R","Streptophyta",148,34681,0.00426746633603414,"Eukaryota","18S",400,300,"Test"
"271","Nem_0425_6CR_14_F.EukB_MH_24_R","Tardigrada",55,34681,0.00158588276001269,"Eukaryota","18S",400,300,"Test"
"272","NLF184cw_74_F.NL818cw_74_R","Annelida",15,4457,0.00336549248373345,"Eukaryota","28S",800,500,"Test"
"273","NLF184cw_74_F.NL818cw_74_R","Apicomplexa",611,4457,0.137087727170743,"Eukaryota","28S",800,500,"Test"
"274","NLF184cw_74_F.NL818cw_74_R","Arthropoda",7,4457,0.00157056315907561,"Eukaryota","28S",800,500,"Test"
"275","NLF184cw_74_F.NL818cw_74_R","Ascomycota",2660,4457,0.596814000448732,"Eukaryota","28S",800,500,"Test"
"276","NLF184cw_74_F.NL818cw_74_R","Basidiomycota",819,4457,0.183755889611847,"Eukaryota","28S",800,500,"Test"
"277","NLF184cw_74_F.NL818cw_74_R","Chlorophyta",150,4457,0.0336549248373345,"Eukaryota","28S",800,500,"Test"
"278","NLF184cw_74_F.NL818cw_74_R","Mucoromycota",184,4457,0.0412833744671304,"Eukaryota","28S",800,500,"Test"
"279","NLF184cw_74_F.NL818cw_74_R","Nematoda",2,4457,0.00044873233116446,"Eukaryota","28S",800,500,"Test"
"280","NLF184cw_74_F.NL818cw_74_R","Platyhelminthes",3,4457,0.000673098496746691,"Eukaryota","28S",800,500,"Test"
"281","NLF184cw_74_F.NL818cw_74_R","Streptophyta",6,4457,0.00134619699349338,"Eukaryota","28S",800,500,"Test"
"282","Prot1702_32_F.EukB_MH_24_R","Apicomplexa",4405,31647,0.139191708534774,"Eukaryota","18S",500,400,"Test"
"283","Prot1702_32_F.EukB_MH_24_R","Arthropoda",61,31647,0.00192751287641799,"Eukaryota","18S",500,400,"Test"
"284","Prot1702_32_F.EukB_MH_24_R","Ascomycota",1834,31647,0.0579517805795178,"Eukaryota","18S",500,400,"Test"
"285","Prot1702_32_F.EukB_MH_24_R","Basidiomycota",368,31647,0.011628274401997,"Eukaryota","18S",500,400,"Test"
"286","Prot1702_32_F.EukB_MH_24_R","Chlorophyta",147,31647,0.0046449900464499,"Eukaryota","18S",500,400,"Test"
"287","Prot1702_32_F.EukB_MH_24_R","Cnidaria",5,31647,0.000157992858722786,"Eukaryota","18S",500,400,"Test"
"288","Prot1702_32_F.EukB_MH_24_R","Mucoromycota",3318,31647,0.104844061048441,"Eukaryota","18S",500,400,"Test"
"289","Prot1702_32_F.EukB_MH_24_R","Nematoda",21118,31647,0.667298638101558,"Eukaryota","18S",500,400,"Test"
"290","Prot1702_32_F.EukB_MH_24_R","Olpidiomycota",3,31647,9.47957152336714e-05,"Eukaryota","18S",500,400,"Test"
"291","Prot1702_32_F.EukB_MH_24_R","Platyhelminthes",31,31647,0.000979555724081272,"Eukaryota","18S",500,400,"Test"
"292","Prot1702_32_F.EukB_MH_24_R","Streptophyta",336,31647,0.0106171201061712,"Eukaryota","18S",500,400,"Test"
"293","Prot1702_32_F.EukB_MH_24_R","Tardigrada",15,31647,0.000473978576168357,"Eukaryota","18S",500,400,"Test"
"294","Prot1702_32_F.EukB_MH_24_R","Zoopagomycota",6,31647,0.000189591430467343,"Eukaryota","18S",500,400,"Test"
"295","Prot1702_32_F.EukB_MV_25_R","Apicomplexa",1949,14720,0.132404891304348,"Eukaryota","18S",500,400,"Test"
"296","Prot1702_32_F.EukB_MV_25_R","Arthropoda",17,14720,0.00115489130434783,"Eukaryota","18S",500,400,"Test"
"297","Prot1702_32_F.EukB_MV_25_R","Ascomycota",1521,14720,0.103328804347826,"Eukaryota","18S",500,400,"Test"
"298","Prot1702_32_F.EukB_MV_25_R","Basidiomycota",228,14720,0.0154891304347826,"Eukaryota","18S",500,400,"Test"
"299","Prot1702_32_F.EukB_MV_25_R","Chlorophyta",180,14720,0.0122282608695652,"Eukaryota","18S",500,400,"Test"
"300","Prot1702_32_F.EukB_MV_25_R","Chordata",2,14720,0.000135869565217391,"Eukaryota","18S",500,400,"Test"
"301","Prot1702_32_F.EukB_MV_25_R","Microsporidia",12,14720,0.000815217391304348,"Eukaryota","18S",500,400,"Test"
"302","Prot1702_32_F.EukB_MV_25_R","Mucoromycota",969,14720,0.0658288043478261,"Eukaryota","18S",500,400,"Test"
"303","Prot1702_32_F.EukB_MV_25_R","Nematoda",9557,14720,0.649252717391304,"Eukaryota","18S",500,400,"Test"
"304","Prot1702_32_F.EukB_MV_25_R","Proteobacteria",52,14720,0.00353260869565217,"Eukaryota","18S",500,400,"Test"
"305","Prot1702_32_F.EukB_MV_25_R","Streptophyta",221,14720,0.0150135869565217,"Eukaryota","18S",500,400,"Test"
"306","Prot1702_32_F.EukB_MV_25_R","Tardigrada",12,14720,0.000815217391304348,"Eukaryota","18S",500,400,"Test"
"307","Prot1702_32_F.wang1624CR6S_16_R","Actinobacteria",1056,64054,0.0164860898616792,"Eukaryota","18S",400,300,"Test"
"308","Prot1702_32_F.wang1624CR6S_16_R","Apicomplexa",19137,64054,0.298763543260374,"Eukaryota","18S",400,300,"Test"
"309","Prot1702_32_F.wang1624CR6S_16_R","Arthropoda",1007,64054,0.0157211103131733,"Eukaryota","18S",400,300,"Test"
"310","Prot1702_32_F.wang1624CR6S_16_R","Ascomycota",13695,64054,0.213803977893652,"Eukaryota","18S",400,300,"Test"
"311","Prot1702_32_F.wang1624CR6S_16_R","Basidiomycota",2757,64054,0.0430418084741,"Eukaryota","18S",400,300,"Test"
"312","Prot1702_32_F.wang1624CR6S_16_R","Blastocladiomycota",17,64054,0.000265401067849002,"Eukaryota","18S",400,300,"Test"
"313","Prot1702_32_F.wang1624CR6S_16_R","Bryozoa",10,64054,0.000156118275205296,"Eukaryota","18S",400,300,"Test"
"314","Prot1702_32_F.wang1624CR6S_16_R","Chlorophyta",1896,64054,0.029600024978924,"Eukaryota","18S",400,300,"Test"
"315","Prot1702_32_F.wang1624CR6S_16_R","Chytridiomycota",76,64054,0.00118649889156025,"Eukaryota","18S",400,300,"Test"
"316","Prot1702_32_F.wang1624CR6S_16_R","Cryptomycota",6,64054,9.36709651231773e-05,"Eukaryota","18S",400,300,"Test"
"317","Prot1702_32_F.wang1624CR6S_16_R","Firmicutes",6,64054,9.36709651231773e-05,"Eukaryota","18S",400,300,"Test"
"318","Prot1702_32_F.wang1624CR6S_16_R","Fusobacteria",7,64054,0.000109282792643707,"Eukaryota","18S",400,300,"Test"
"319","Prot1702_32_F.wang1624CR6S_16_R","Microsporidia",3442,64054,0.0537359103256627,"Eukaryota","18S",400,300,"Test"
"320","Prot1702_32_F.wang1624CR6S_16_R","Mucoromycota",12951,64054,0.202188778218378,"Eukaryota","18S",400,300,"Test"
"321","Prot1702_32_F.wang1624CR6S_16_R","Nematoda",6154,64054,0.0960751865613389,"Eukaryota","18S",400,300,"Test"
"322","Prot1702_32_F.wang1624CR6S_16_R","Olpidiomycota",42,64054,0.000655696755862241,"Eukaryota","18S",400,300,"Test"
"323","Prot1702_32_F.wang1624CR6S_16_R","Platyhelminthes",208,64054,0.00324726012427015,"Eukaryota","18S",400,300,"Test"
"324","Prot1702_32_F.wang1624CR6S_16_R","Streptophyta",1498,64054,0.0233865176257533,"Eukaryota","18S",400,300,"Test"
"325","Prot1702_32_F.wang1624CR6S_16_R","Tardigrada",89,64054,0.00138945264932713,"Eukaryota","18S",400,300,"Test"
"326","Proti15_25_F.Proti440R_28_R","Apicomplexa",8062,71918,0.112099891543146,"Eukaryota","18S",400,300,"Test"
"327","Proti15_25_F.Proti440R_28_R","Arthropoda",1029,71918,0.0143079618454351,"Eukaryota","18S",400,300,"Test"
"328","Proti15_25_F.Proti440R_28_R","Ascomycota",5968,71918,0.0829833977585584,"Eukaryota","18S",400,300,"Test"
"329","Proti15_25_F.Proti440R_28_R","Basidiomycota",1484,71918,0.0206346116410356,"Eukaryota","18S",400,300,"Test"
"330","Proti15_25_F.Proti440R_28_R","Chlorophyta",3697,71918,0.0514057676798576,"Eukaryota","18S",400,300,"Test"
"331","Proti15_25_F.Proti440R_28_R","Chordata",30399,71918,0.422689729970244,"Eukaryota","18S",400,300,"Test"
"332","Proti15_25_F.Proti440R_28_R","Chytridiomycota",2,71918,2.78094496509914e-05,"Eukaryota","18S",400,300,"Test"
"333","Proti15_25_F.Proti440R_28_R","Cryptomycota",5,71918,6.95236241274785e-05,"Eukaryota","18S",400,300,"Test"
"334","Proti15_25_F.Proti440R_28_R","Mucoromycota",10187,71918,0.141647431797325,"Eukaryota","18S",400,300,"Test"
"335","Proti15_25_F.Proti440R_28_R","Nematoda",2085,71918,0.0289913512611585,"Eukaryota","18S",400,300,"Test"
"336","Proti15_25_F.Proti440R_28_R","Platyhelminthes",7449,71918,0.103576295225117,"Eukaryota","18S",400,300,"Test"
"337","Proti15_25_F.Proti440R_28_R","Rotifera",12,71918,0.000166856697905948,"Eukaryota","18S",400,300,"Test"
"338","Proti15_25_F.Proti440R_28_R","Streptophyta",1424,71918,0.0198003281515059,"Eukaryota","18S",400,300,"Test"
"339","Proti15_25_F.Proti440R_28_R","Tardigrada",112,71918,0.00155732918045552,"Eukaryota","18S",400,300,"Test"
"340","Proti15_25_F.Proti440R_28_R","Zoopagomycota",3,71918,4.17141744764871e-05,"Eukaryota","18S",400,300,"Test"
"341","Proti1580_33_F.wang1624CR6S_16_R","Apicomplexa",5641,20049,0.2813606663674,"Eukaryota","18S",600,500,"Test"
"342","Proti1580_33_F.wang1624CR6S_16_R","Arthropoda",299,20049,0.0149134620180558,"Eukaryota","18S",600,500,"Test"
"343","Proti1580_33_F.wang1624CR6S_16_R","Ascomycota",3743,20049,0.18669260312235,"Eukaryota","18S",600,500,"Test"
"344","Proti1580_33_F.wang1624CR6S_16_R","Basidiomycota",964,20049,0.0480821986133972,"Eukaryota","18S",600,500,"Test"
"345","Proti1580_33_F.wang1624CR6S_16_R","Chlorophyta",447,20049,0.0222953763279964,"Eukaryota","18S",600,500,"Test"
"346","Proti1580_33_F.wang1624CR6S_16_R","Chordata",6,20049,0.000299266796348945,"Eukaryota","18S",600,500,"Test"
"347","Proti1580_33_F.wang1624CR6S_16_R","Cryptomycota",9,20049,0.000448900194523418,"Eukaryota","18S",600,500,"Test"
"348","Proti1580_33_F.wang1624CR6S_16_R","Firmicutes",6,20049,0.000299266796348945,"Eukaryota","18S",600,500,"Test"
"349","Proti1580_33_F.wang1624CR6S_16_R","Microsporidia",13,20049,0.000648411392089381,"Eukaryota","18S",600,500,"Test"
"350","Proti1580_33_F.wang1624CR6S_16_R","Mollusca",3,20049,0.000149633398174473,"Eukaryota","18S",600,500,"Test"
"351","Proti1580_33_F.wang1624CR6S_16_R","Mucoromycota",4923,20049,0.245548406404309,"Eukaryota","18S",600,500,"Test"
"352","Proti1580_33_F.wang1624CR6S_16_R","Nematoda",2788,20049,0.139059304703476,"Eukaryota","18S",600,500,"Test"
"353","Proti1580_33_F.wang1624CR6S_16_R","Olpidiomycota",28,20049,0.00139657838296174,"Eukaryota","18S",600,500,"Test"
"354","Proti1580_33_F.wang1624CR6S_16_R","Platyhelminthes",294,20049,0.0146640730210983,"Eukaryota","18S",600,500,"Test"
"355","Proti1580_33_F.wang1624CR6S_16_R","Proteobacteria",9,20049,0.000448900194523418,"Eukaryota","18S",600,500,"Test"
"356","Proti1580_33_F.wang1624CR6S_16_R","Streptophyta",824,20049,0.0410993066985885,"Eukaryota","18S",600,500,"Test"
"357","Proti1580_33_F.wang1624CR6S_16_R","Tardigrada",49,20049,0.00244401217018305,"Eukaryota","18S",600,500,"Test"
"358","Proti1580_33_F.wang1624CR6S_16_R","Zoopagomycota",3,20049,0.000149633398174473,"Eukaryota","18S",600,500,"Test"
"359","Proti628_30_F.wang1141CR_14_R","Actinobacteria",219,4609,0.0475157300932957,"Eukaryota","18S",600,500,"Test"
"360","Proti628_30_F.wang1141CR_14_R","Apicomplexa",340,4609,0.0737687133868518,"Eukaryota","18S",600,500,"Test"
"361","Proti628_30_F.wang1141CR_14_R","Ascomycota",128,4609,0.0277717509221089,"Eukaryota","18S",600,500,"Test"
"362","Proti628_30_F.wang1141CR_14_R","Bacteroidetes",753,4609,0.163376003471469,"Eukaryota","18S",600,500,"Test"
"363","Proti628_30_F.wang1141CR_14_R","Basidiomycota",20,4609,0.00433933608157952,"Eukaryota","18S",600,500,"Test"
"364","Proti628_30_F.wang1141CR_14_R","Chordata",20,4609,0.00433933608157952,"Eukaryota","18S",600,500,"Test"
"365","Proti628_30_F.wang1141CR_14_R","Cryptomycota",1,4609,0.000216966804078976,"Eukaryota","18S",600,500,"Test"
"366","Proti628_30_F.wang1141CR_14_R","Firmicutes",2037,4609,0.441961379908874,"Eukaryota","18S",600,500,"Test"
"367","Proti628_30_F.wang1141CR_14_R","Mucoromycota",852,4609,0.184855717075287,"Eukaryota","18S",600,500,"Test"
"368","Proti628_30_F.wang1141CR_14_R","Nematoda",15,4609,0.00325450206118464,"Eukaryota","18S",600,500,"Test"
"369","Proti628_30_F.wang1141CR_14_R","Platyhelminthes",81,4609,0.017574311130397,"Eukaryota","18S",600,500,"Test"
"370","Proti628_30_F.wang1141CR_14_R","Proteobacteria",119,4609,0.0258190496853981,"Eukaryota","18S",600,500,"Test"
"371","Proti628_30_F.wang1141CR_14_R","Streptophyta",6,4609,0.00130180082447386,"Eukaryota","18S",600,500,"Test"
"372","Proti628_30_F.wang1141CR_14_R","Tenericutes",18,4609,0.00390540247342157,"Eukaryota","18S",600,500,"Test"
"373","Proti643_31_F.Proti1580R_32_R","Apicomplexa",1310,7443,0.176004299341663,"Eukaryota","18S",600,500,"Test"
"374","Proti643_31_F.Proti1580R_32_R","Arthropoda",13,7443,0.0017466075507188,"Eukaryota","18S",600,500,"Test"
"375","Proti643_31_F.Proti1580R_32_R","Ascomycota",258,7443,0.0346634421604192,"Eukaryota","18S",600,500,"Test"
"376","Proti643_31_F.Proti1580R_32_R","Basidiomycota",58,7443,0.0077925567647454,"Eukaryota","18S",600,500,"Test"
"377","Proti643_31_F.Proti1580R_32_R","Chlorophyta",8,7443,0.00107483541582695,"Eukaryota","18S",600,500,"Test"
"378","Proti643_31_F.Proti1580R_32_R","Microsporidia",32,7443,0.00429934166330781,"Eukaryota","18S",600,500,"Test"
"379","Proti643_31_F.Proti1580R_32_R","Mucoromycota",1966,7443,0.264140803439473,"Eukaryota","18S",600,500,"Test"
"380","Proti643_31_F.Proti1580R_32_R","Nematoda",3749,7443,0.503694746741905,"Eukaryota","18S",600,500,"Test"
"381","Proti643_31_F.Proti1580R_32_R","Platyhelminthes",41,7443,0.00550853150611313,"Eukaryota","18S",600,500,"Test"
"382","Proti643_31_F.Proti1580R_32_R","Tardigrada",8,7443,0.00107483541582695,"Eukaryota","18S",600,500,"Test"
"383","Proti643_31_F.wang1141CR_14_R","Apicomplexa",648,5405,0.119888991674376,"Eukaryota","18S",600,500,"Test"
"384","Proti643_31_F.wang1141CR_14_R","Arthropoda",256,5405,0.04736355226642,"Eukaryota","18S",600,500,"Test"
"385","Proti643_31_F.wang1141CR_14_R","Ascomycota",334,5405,0.0617946345975948,"Eukaryota","18S",600,500,"Test"
"386","Proti643_31_F.wang1141CR_14_R","Basidiomycota",80,5405,0.0148011100832562,"Eukaryota","18S",600,500,"Test"
"387","Proti643_31_F.wang1141CR_14_R","Chlorophyta",6,5405,0.00111008325624422,"Eukaryota","18S",600,500,"Test"
"388","Proti643_31_F.wang1141CR_14_R","Cryptomycota",65,5405,0.0120259019426457,"Eukaryota","18S",600,500,"Test"
"389","Proti643_31_F.wang1141CR_14_R","Mucoromycota",3722,5405,0.688621646623497,"Eukaryota","18S",600,500,"Test"
"390","Proti643_31_F.wang1141CR_14_R","Nematoda",115,5405,0.0212765957446809,"Eukaryota","18S",600,500,"Test"
"391","Proti643_31_F.wang1141CR_14_R","Platyhelminthes",179,5405,0.0331174838112858,"Eukaryota","18S",600,500,"Test"
"392","S2F_80_F.S3R_81_R","Streptophyta",33771,33771,1,"Viridiplantae","ITS1",500,400,"Test"
"393","wang1141_13_F.Nem_0425_6_3_R","Annelida",72,36957,0.00194821008198717,"Eukaryota","18S",400,300,"Test"
"394","wang1141_13_F.Nem_0425_6_3_R","Apicomplexa",16403,36957,0.443840138539384,"Eukaryota","18S",400,300,"Test"
"395","wang1141_13_F.Nem_0425_6_3_R","Arthropoda",1170,36957,0.0316584138322916,"Eukaryota","18S",400,300,"Test"
"396","wang1141_13_F.Nem_0425_6_3_R","Ascomycota",3890,36957,0.105257461374029,"Eukaryota","18S",400,300,"Test"
"397","wang1141_13_F.Nem_0425_6_3_R","Basidiomycota",3179,36957,0.0860188868144059,"Eukaryota","18S",400,300,"Test"
"398","wang1141_13_F.Nem_0425_6_3_R","Bryozoa",18,36957,0.000487052520496794,"Eukaryota","18S",400,300,"Test"
"399","wang1141_13_F.Nem_0425_6_3_R","Chlorophyta",3843,36957,0.103985713126065,"Eukaryota","18S",400,300,"Test"
"400","wang1141_13_F.Nem_0425_6_3_R","Chytridiomycota",55,36957,0.00148821603485131,"Eukaryota","18S",400,300,"Test"
"401","wang1141_13_F.Nem_0425_6_3_R","Microsporidia",33,36957,0.000892929620910788,"Eukaryota","18S",400,300,"Test"
"402","wang1141_13_F.Nem_0425_6_3_R","Mucoromycota",3461,36957,0.093649376302189,"Eukaryota","18S",400,300,"Test"
"403","wang1141_13_F.Nem_0425_6_3_R","Nematoda",2908,36957,0.0786860405335931,"Eukaryota","18S",400,300,"Test"
"404","wang1141_13_F.Nem_0425_6_3_R","Olpidiomycota",52,36957,0.00140704061476851,"Eukaryota","18S",400,300,"Test"
"405","wang1141_13_F.Nem_0425_6_3_R","Platyhelminthes",463,36957,0.012528073166112,"Eukaryota","18S",400,300,"Test"
"406","wang1141_13_F.Nem_0425_6_3_R","Rotifera",2,36957,5.41169467218659e-05,"Eukaryota","18S",400,300,"Test"
"407","wang1141_13_F.Nem_0425_6_3_R","Streptophyta",1401,36957,0.0379089211786671,"Eukaryota","18S",400,300,"Test"
"408","wang1141_13_F.Nem_0425_6_3_R","Zoopagomycota",7,36957,0.000189409313526531,"Eukaryota","18S",400,300,"Test"
"409","ZBJ_ArtF1c_67_F.ZBJ_ArtR2c_67_R","Arthropoda",995,995,1,"Eukaryota","COI",300,200,"Test"
